repo,contributor_id,task_type,file_count,commit_count,core_status
KhronosGroup/GLSL,gnl21,documentation,38,98,core
KhronosGroup/GLSL,gnl21,other,107,36,core
KhronosGroup/GLSL,gnl21,source,15,3,core
KhronosGroup/GLSL,alelenv,other,1,3,peripheral
KhronosGroup/GLSL,alelenv,documentation,10,11,peripheral
KhronosGroup/GLSL,jeffbolznv,other,1,4,peripheral
KhronosGroup/GLSL,jeffbolznv,documentation,20,30,peripheral
KhronosGroup/GLSL,D7ryNV,documentation,1,1,peripheral
KhronosGroup/GLSL,wooyoungqcom,documentation,5,19,peripheral
KhronosGroup/GLSL,wooyoungqcom,other,1,2,peripheral
KhronosGroup/GLSL,svenvh,documentation,2,2,peripheral
KhronosGroup/GLSL,svenvh,other,1,1,peripheral
KhronosGroup/GLSL,dj2,other,14,14,peripheral
KhronosGroup/GLSL,dj2,source,4,2,peripheral
KhronosGroup/GLSL,dj2,documentation,1,1,peripheral
KhronosGroup/GLSL,ashleysmithcol,documentation,1,1,peripheral
KhronosGroup/GLSL,HildarTheDorf,documentation,1,8,peripheral
KhronosGroup/GLSL,HildarTheDorf,other,1,1,peripheral
KhronosGroup/GLSL,kpet,other,1,3,peripheral
KhronosGroup/GLSL,kpet,documentation,4,3,peripheral
KhronosGroup/GLSL,fairywreath,documentation,1,1,peripheral
KhronosGroup/GLSL,Tobski,other,127,4,core
KhronosGroup/GLSL,Tobski,documentation,24,23,core
KhronosGroup/GLSL,Tobski,source,20,1,core
KhronosGroup/GLSL,oddhack,other,128,23,core
KhronosGroup/GLSL,oddhack,source,19,7,core
KhronosGroup/GLSL,oddhack,documentation,60,11,core
KhronosGroup/GLSL,spencer-lunarg,documentation,1,2,peripheral
KhronosGroup/GLSL,rlocatti-nv,other,1,1,peripheral
KhronosGroup/GLSL,rg3igalia,other,1,1,peripheral
KhronosGroup/GLSL,rg3igalia,documentation,1,1,peripheral
KhronosGroup/GLSL,silverclaw,documentation,1,1,peripheral
KhronosGroup/GLSL,C3pa,documentation,1,1,peripheral
KhronosGroup/GLSL,alan-baker,documentation,11,18,peripheral
KhronosGroup/GLSL,johnkslang,documentation,41,80,core
KhronosGroup/GLSL,johnkslang,other,1,1,core
KhronosGroup/GLSL,dgkoch,documentation,26,75,core
KhronosGroup/GLSL,janharaldfredriksen-arm,documentation,2,2,peripheral
KhronosGroup/GLSL,jackohound,documentation,4,6,peripheral
KhronosGroup/GLSL,ewerness-nv,documentation,4,4,peripheral
KhronosGroup/GLSL,wycwang0823,documentation,2,1,peripheral
KhronosGroup/GLSL,wycwang,documentation,1,1,peripheral
KhronosGroup/GLSL,stu-s,documentation,2,3,peripheral
KhronosGroup/GLSL,WyvernWang,documentation,4,8,peripheral
KhronosGroup/GLSL,gfxstrand,documentation,1,1,peripheral
KhronosGroup/GLSL,cmarcelo,documentation,3,2,peripheral
KhronosGroup/GLSL,nvpbrown,documentation,8,7,peripheral
KhronosGroup/GLSL,m-kim,documentation,1,1,peripheral
KhronosGroup/GLSL,mbechard,documentation,2,29,peripheral
KhronosGroup/GLSL,JoshuaBarczak-Intel,documentation,2,1,peripheral
KhronosGroup/GLSL,vkushwaha-nv,documentation,2,1,peripheral
KhronosGroup/GLSL,DadSchoorse,documentation,1,1,peripheral
KhronosGroup/GLSL,tsuoranta,documentation,1,1,peripheral
KhronosGroup/GLSL,pdaniell-nv,documentation,2,2,peripheral
KhronosGroup/GLSL,abhilash1910,documentation,1,2,peripheral
KhronosGroup/GLSL,pow2clk,documentation,1,2,peripheral
KhronosGroup/GLSL,AaronHaganAMD,documentation,3,2,peripheral
KhronosGroup/GLSL,mchock-nv,documentation,2,2,peripheral
KhronosGroup/GLSL,pknowlesnv,documentation,1,1,peripheral
KhronosGroup/GLSL,alegal-arm,documentation,2,1,peripheral
KhronosGroup/GLSL,sparmarNV,documentation,1,1,peripheral
KhronosGroup/glslang,jeffbolznv,documentation,1,1,core
KhronosGroup/glslang,jeffbolznv,source,40,25,core
KhronosGroup/glslang,jeffbolznv,other,94,24,core
KhronosGroup/glslang,spencer-lunarg,other,32,7,peripheral
KhronosGroup/glslang,spencer-lunarg,source,10,7,peripheral
KhronosGroup/glslang,vinsentli,source,1,1,peripheral
KhronosGroup/glslang,jeremy-lunarg,source,47,72,core
KhronosGroup/glslang,jeremy-lunarg,documentation,15,45,core
KhronosGroup/glslang,jeremy-lunarg,other,475,28,core
KhronosGroup/glslang,dependabot[bot],source,3,163,peripheral
KhronosGroup/glslang,beaufortfrancois,other,4,2,peripheral
KhronosGroup/glslang,beaufortfrancois,source,4,2,peripheral
KhronosGroup/glslang,Axel-Reactor,source,2,1,peripheral
KhronosGroup/glslang,qingyuanzNV,source,22,17,core
KhronosGroup/glslang,qingyuanzNV,other,57,16,core
KhronosGroup/glslang,alelenv,source,25,13,core
KhronosGroup/glslang,alelenv,other,90,10,core
KhronosGroup/glslang,alelenv,documentation,1,1,core
KhronosGroup/glslang,mmoult,source,5,4,peripheral
KhronosGroup/glslang,mmoult,other,40,2,peripheral
KhronosGroup/glslang,tnibler,other,12,2,peripheral
KhronosGroup/glslang,tnibler,source,7,2,peripheral
KhronosGroup/glslang,ShabbyX,other,6,6,peripheral
KhronosGroup/glslang,ShabbyX,source,20,8,peripheral
KhronosGroup/glslang,kpet,other,5,3,peripheral
KhronosGroup/glslang,kpet,documentation,1,1,peripheral
KhronosGroup/glslang,kpet,source,3,2,peripheral
KhronosGroup/glslang,charles-lunarg,source,1,3,peripheral
KhronosGroup/glslang,charles-lunarg,documentation,1,1,peripheral
KhronosGroup/glslang,pdaniell-nv,source,4,1,peripheral
KhronosGroup/glslang,pdaniell-nv,documentation,1,1,peripheral
KhronosGroup/glslang,dnovillo,other,49,9,peripheral
KhronosGroup/glslang,dnovillo,source,10,10,peripheral
KhronosGroup/glslang,dnovillo,documentation,1,5,peripheral
KhronosGroup/glslang,sajjadmirzanv,other,24,5,peripheral
KhronosGroup/glslang,sajjadmirzanv,source,6,5,peripheral
KhronosGroup/glslang,daniel-story,documentation,9,2,peripheral
KhronosGroup/glslang,daniel-story,source,14,4,peripheral
KhronosGroup/glslang,daniel-story,other,12,3,peripheral
KhronosGroup/glslang,jan-kelemen,source,15,2,peripheral
KhronosGroup/glslang,jan-kelemen,documentation,3,3,peripheral
KhronosGroup/glslang,jan-kelemen,other,3,1,peripheral
KhronosGroup/glslang,mackron,source,2,1,peripheral
KhronosGroup/glslang,YogurtTheHorse,source,2,1,peripheral
KhronosGroup/glslang,McDaMastR,source,1,1,peripheral
KhronosGroup/glslang,Kwizatz,documentation,2,1,peripheral
KhronosGroup/glslang,Kwizatz,source,3,1,peripheral
KhronosGroup/glslang,timblechmann,source,2,1,peripheral
KhronosGroup/glslang,sbourasse,documentation,1,1,peripheral
KhronosGroup/glslang,sbourasse,other,6,3,peripheral
KhronosGroup/glslang,sbourasse,source,9,4,peripheral
KhronosGroup/glslang,GinShio,source,1,1,peripheral
KhronosGroup/glslang,wooyoungqcom,other,41,6,core
KhronosGroup/glslang,wooyoungqcom,source,23,6,core
KhronosGroup/glslang,wooyoungqcom,documentation,1,1,core
KhronosGroup/glslang,gnl21,other,11,2,peripheral
KhronosGroup/glslang,gnl21,source,3,3,peripheral
KhronosGroup/glslang,natgavrilenko,other,14,1,peripheral
KhronosGroup/glslang,natgavrilenko,source,1,1,peripheral
KhronosGroup/glslang,Valentin-Sarthou,other,26,1,peripheral
KhronosGroup/glslang,Valentin-Sarthou,documentation,1,1,peripheral
KhronosGroup/glslang,Valentin-Sarthou,source,3,1,peripheral
KhronosGroup/glslang,alan-baker,other,39,8,peripheral
KhronosGroup/glslang,alan-baker,source,4,7,peripheral
KhronosGroup/glslang,alan-baker,documentation,2,2,peripheral
KhronosGroup/glslang,rj123-nv,other,20,3,peripheral
KhronosGroup/glslang,rj123-nv,source,12,3,peripheral
KhronosGroup/glslang,rj123-nv,documentation,1,1,peripheral
KhronosGroup/glslang,svenvh,source,33,13,core
KhronosGroup/glslang,svenvh,other,51,6,core
KhronosGroup/glslang,svenvh,documentation,4,4,core
KhronosGroup/glslang,philippemilink,documentation,2,1,peripheral
KhronosGroup/glslang,philippemilink,other,1,1,peripheral
KhronosGroup/glslang,philippemilink,source,2,1,peripheral
KhronosGroup/glslang,daniel-schuermann,source,1,1,peripheral
KhronosGroup/glslang,daniel-schuermann,other,1,1,peripheral
KhronosGroup/glslang,pmistryNV,source,35,7,core
KhronosGroup/glslang,pmistryNV,other,70,6,core
KhronosGroup/glslang,pmistryNV,documentation,1,1,core
KhronosGroup/glslang,vonture,other,1,1,peripheral
KhronosGroup/glslang,zack-mason-blaug,source,12,3,peripheral
KhronosGroup/glslang,zack-mason-blaug,other,46,3,peripheral
KhronosGroup/glslang,zack-mason-blaug,documentation,2,2,peripheral
KhronosGroup/glslang,dneto0,documentation,8,5,core
KhronosGroup/glslang,dneto0,source,16,13,core
KhronosGroup/glslang,dneto0,other,37,18,core
KhronosGroup/glslang,HildarTheDorf,source,14,9,peripheral
KhronosGroup/glslang,HildarTheDorf,other,6,5,peripheral
KhronosGroup/glslang,atetubou,source,1,2,peripheral
KhronosGroup/glslang,mborgerson,source,1,1,peripheral
KhronosGroup/glslang,rg3igalia,source,8,4,peripheral
KhronosGroup/glslang,rg3igalia,other,8,4,peripheral
KhronosGroup/glslang,danginsburg,source,1,1,peripheral
KhronosGroup/glslang,eilswe-arm,source,1,1,peripheral
KhronosGroup/glslang,abouvier,documentation,3,2,peripheral
KhronosGroup/glslang,arcady-lunarg,source,68,66,core
KhronosGroup/glslang,arcady-lunarg,documentation,9,20,core
KhronosGroup/glslang,arcady-lunarg,other,89,29,core
KhronosGroup/glslang,mbechard,source,20,24,peripheral
KhronosGroup/glslang,mbechard,other,35,7,peripheral
KhronosGroup/glslang,1480c1,source,2,2,peripheral
KhronosGroup/glslang,HuYuxin,source,1,1,peripheral
KhronosGroup/glslang,HuYuxin,other,1,1,peripheral
KhronosGroup/glslang,selfisekai,source,1,1,peripheral
KhronosGroup/glslang,chyyran,source,1,1,peripheral
KhronosGroup/glslang,chyyran,other,6,1,peripheral
KhronosGroup/glslang,Akaricchi,source,2,2,peripheral
KhronosGroup/glslang,D7ry,other,2,1,peripheral
KhronosGroup/glslang,D7ry,source,3,1,peripheral
KhronosGroup/glslang,trofi,source,1,1,peripheral
KhronosGroup/glslang,ravi688,source,1,2,peripheral
KhronosGroup/glslang,Svenny,source,5,4,peripheral
KhronosGroup/glslang,Svenny,other,9,4,peripheral
KhronosGroup/glslang,SteveUrquhart,source,3,4,peripheral
KhronosGroup/glslang,SteveUrquhart,other,3,1,peripheral
KhronosGroup/glslang,antaalt,source,11,3,peripheral
KhronosGroup/glslang,antaalt,other,3,1,peripheral
KhronosGroup/glslang,jimihem,other,37,11,peripheral
KhronosGroup/glslang,jimihem,source,11,11,peripheral
KhronosGroup/glslang,friendlyanon,documentation,1,1,peripheral
KhronosGroup/glslang,MasonRemaley,other,1,1,peripheral
KhronosGroup/glslang,s-perron,source,3,1,core
KhronosGroup/glslang,s-perron,other,303,3,core
KhronosGroup/glslang,rjodinchr,other,1,1,peripheral
KhronosGroup/glslang,rjodinchr,source,1,1,peripheral
KhronosGroup/glslang,AnyOldName3,documentation,4,2,peripheral
KhronosGroup/glslang,AnyOldName3,source,9,2,peripheral
KhronosGroup/glslang,AnyOldName3,other,2,2,peripheral
KhronosGroup/glslang,silverclaw,source,11,3,peripheral
KhronosGroup/glslang,silverclaw,other,3,1,peripheral
KhronosGroup/glslang,silverclaw,documentation,1,1,peripheral
KhronosGroup/glslang,Max-Andersson,source,3,1,peripheral
KhronosGroup/glslang,Max-Andersson,other,6,1,peripheral
KhronosGroup/glslang,paroj,source,2,1,peripheral
KhronosGroup/glslang,TheMostDiligent,documentation,1,1,peripheral
KhronosGroup/glslang,GermanAizek,source,4,3,peripheral
KhronosGroup/glslang,amdrexu,source,31,23,core
KhronosGroup/glslang,amdrexu,other,37,13,core
KhronosGroup/glslang,amdrexu,documentation,1,1,core
KhronosGroup/glslang,Sharlock93,source,7,1,peripheral
KhronosGroup/glslang,ncesario-lunarg,other,66,15,core
KhronosGroup/glslang,ncesario-lunarg,source,44,26,core
KhronosGroup/glslang,ncesario-lunarg,documentation,11,11,core
KhronosGroup/glslang,bjornbytes,source,1,1,peripheral
KhronosGroup/glslang,ShchchowAMD,other,30,7,core
KhronosGroup/glslang,ShchchowAMD,source,35,11,core
KhronosGroup/glslang,younggwan-arm,source,1,1,peripheral
KhronosGroup/glslang,chaocNV,source,4,2,peripheral
KhronosGroup/glslang,chaocNV,other,15,2,peripheral
KhronosGroup/glslang,juan-lunarg,documentation,11,22,peripheral
KhronosGroup/glslang,juan-lunarg,source,12,13,peripheral
KhronosGroup/glslang,juan-lunarg,other,6,4,peripheral
KhronosGroup/glslang,moritz-h,documentation,6,4,peripheral
KhronosGroup/glslang,moritz-h,other,10,3,peripheral
KhronosGroup/glslang,moritz-h,source,3,2,peripheral
KhronosGroup/glslang,FrostyLeaves,other,2,1,peripheral
KhronosGroup/glslang,FrostyLeaves,source,3,1,peripheral
KhronosGroup/glslang,ajmd17,source,1,1,peripheral
KhronosGroup/glslang,chirsz-ever,other,10,1,peripheral
KhronosGroup/glslang,chirsz-ever,source,1,1,peripheral
KhronosGroup/glslang,joycebrum,source,4,4,peripheral
KhronosGroup/glslang,joycebrum,documentation,2,2,peripheral
KhronosGroup/glslang,rhabacker,documentation,4,3,peripheral
KhronosGroup/glslang,kasper93,documentation,1,1,peripheral
KhronosGroup/glslang,zeux,source,3,1,peripheral
KhronosGroup/glslang,zeux,other,5,1,peripheral
KhronosGroup/glslang,TimB87,documentation,1,1,peripheral
KhronosGroup/glslang,dj2,documentation,2,1,peripheral
KhronosGroup/glslang,dj2,source,43,1,peripheral
KhronosGroup/glslang,dj2,other,3,1,peripheral
KhronosGroup/glslang,allanmac,source,12,3,peripheral
KhronosGroup/glslang,allanmac,other,1,1,peripheral
KhronosGroup/glslang,FuXiii,documentation,1,1,peripheral
KhronosGroup/glslang,ben-clayton,source,15,11,peripheral
KhronosGroup/glslang,ben-clayton,documentation,7,12,peripheral
KhronosGroup/glslang,ben-clayton,other,22,11,peripheral
KhronosGroup/glslang,archimedus,source,23,1,peripheral
KhronosGroup/glslang,archimedus,other,17,1,peripheral
KhronosGroup/glslang,scribam,source,4,1,peripheral
KhronosGroup/glslang,scribam,documentation,1,1,peripheral
KhronosGroup/glslang,Dawid-Lorenz-Mobica,other,8,1,peripheral
KhronosGroup/glslang,Dawid-Lorenz-Mobica,source,2,1,peripheral
KhronosGroup/glslang,hana-alice,source,1,1,peripheral
KhronosGroup/glslang,DawidLorenz,other,4,2,peripheral
KhronosGroup/glslang,DawidLorenz,source,2,2,peripheral
KhronosGroup/glslang,jasonliu--,documentation,1,1,peripheral
KhronosGroup/glslang,pablode,source,1,1,peripheral
KhronosGroup/glslang,rcombs,source,1,1,peripheral
KhronosGroup/glslang,akien-mga,documentation,3,2,core
KhronosGroup/glslang,akien-mga,other,75,2,core
KhronosGroup/glslang,akien-mga,source,10,1,core
KhronosGroup/glslang,JohannesKauffmann,source,42,7,peripheral
KhronosGroup/glslang,zoddicus,source,1,1,peripheral
KhronosGroup/glslang,resetius,source,2,1,peripheral
KhronosGroup/glslang,janharaldfredriksen-arm,source,17,1,peripheral
KhronosGroup/glslang,janharaldfredriksen-arm,other,16,1,peripheral
KhronosGroup/glslang,ewerness-nv,source,11,2,peripheral
KhronosGroup/glslang,ewerness-nv,other,9,2,peripheral
KhronosGroup/glslang,k3wlbuddy,documentation,1,1,peripheral
KhronosGroup/glslang,chuangzhu,documentation,8,1,peripheral
KhronosGroup/glslang,brad0,documentation,1,1,peripheral
KhronosGroup/glslang,spnda,source,4,4,peripheral
KhronosGroup/glslang,Try,source,2,2,peripheral
KhronosGroup/glslang,Try,other,2,1,peripheral
KhronosGroup/glslang,gfxstrand,other,3,2,peripheral
KhronosGroup/glslang,gfxstrand,source,7,1,peripheral
KhronosGroup/glslang,Keenuts,other,1,1,peripheral
KhronosGroup/glslang,greg-lunarg,documentation,12,69,core
KhronosGroup/glslang,greg-lunarg,other,816,191,core
KhronosGroup/glslang,greg-lunarg,source,93,294,core
KhronosGroup/glslang,j-mattsson,source,2,2,peripheral
KhronosGroup/glslang,jengelh,documentation,3,1,peripheral
KhronosGroup/glslang,FoggyMist,other,8,2,peripheral
KhronosGroup/glslang,FoggyMist,source,4,3,peripheral
KhronosGroup/glslang,zmodem,source,1,1,peripheral
KhronosGroup/glslang,rdb,other,8,3,peripheral
KhronosGroup/glslang,rdb,source,8,3,peripheral
KhronosGroup/glslang,amirmasoudabdol,documentation,1,1,peripheral
KhronosGroup/glslang,svenstaro,documentation,8,1,peripheral
KhronosGroup/glslang,James2022-rgb,source,3,2,peripheral
KhronosGroup/glslang,ichordev,source,1,1,peripheral
KhronosGroup/glslang,RandomShaper,source,2,1,peripheral
KhronosGroup/glslang,hbatagelo,source,1,1,peripheral
KhronosGroup/glslang,Tachi107,documentation,9,1,peripheral
KhronosGroup/glslang,theblackunknown,documentation,9,1,peripheral
KhronosGroup/glslang,thoave-arm,other,2,1,peripheral
KhronosGroup/glslang,thoave-arm,source,3,1,peripheral
KhronosGroup/glslang,AMD-dwang,source,10,1,peripheral
KhronosGroup/glslang,AMD-dwang,other,4,1,peripheral
KhronosGroup/glslang,haasn,other,1,1,peripheral
KhronosGroup/glslang,haasn,source,2,2,peripheral
KhronosGroup/glslang,andfau-arm,source,1,1,peripheral
KhronosGroup/glslang,andfau-arm,other,3,1,peripheral
KhronosGroup/glslang,stu-s,source,14,1,peripheral
KhronosGroup/glslang,stu-s,other,8,1,peripheral
KhronosGroup/glslang,Gabriele91,other,2,2,peripheral
KhronosGroup/glslang,Gabriele91,source,2,2,peripheral
KhronosGroup/glslang,corporateshark,documentation,1,1,peripheral
KhronosGroup/glslang,corporateshark,other,1,1,peripheral
KhronosGroup/glslang,corporateshark,source,2,1,peripheral
KhronosGroup/glslang,AaronHaganAMD,source,7,2,peripheral
KhronosGroup/glslang,AaronHaganAMD,other,3,1,peripheral
KhronosGroup/glslang,AaronHaganAMD,documentation,1,1,peripheral
KhronosGroup/glslang,mariusbjorge,source,7,2,peripheral
KhronosGroup/glslang,mariusbjorge,other,9,1,peripheral
KhronosGroup/glslang,Ryp,other,1,1,peripheral
KhronosGroup/glslang,Ryp,source,1,1,peripheral
KhronosGroup/glslang,TellowKrinkle,other,1,1,peripheral
KhronosGroup/glslang,ggfan,documentation,1,1,peripheral
KhronosGroup/glslang,SpaceIm,documentation,1,1,peripheral
KhronosGroup/glslang,EdoardoLuciani,documentation,1,1,peripheral
KhronosGroup/glslang,sfricke-samsung,other,2,1,peripheral
KhronosGroup/glslang,sfricke-samsung,source,1,1,peripheral
KhronosGroup/glslang,Biswa96,documentation,1,1,peripheral
KhronosGroup/glslang,apanteleev,source,1,1,peripheral
KhronosGroup/glslang,ZhiqianXia,other,89,15,core
KhronosGroup/glslang,ZhiqianXia,source,35,22,core
KhronosGroup/glslang,ZhiqianXia,documentation,2,1,core
KhronosGroup/glslang,mrpippy,source,3,1,peripheral
KhronosGroup/glslang,n-morales,documentation,1,2,peripheral
KhronosGroup/glslang,chaoticbob,other,13,2,peripheral
KhronosGroup/glslang,chaoticbob,source,7,7,peripheral
KhronosGroup/glslang,gnoliyil,other,1,1,peripheral
KhronosGroup/glslang,kevin-mccullough,other,21,3,peripheral
KhronosGroup/glslang,kevin-mccullough,source,5,4,peripheral
KhronosGroup/glslang,kda,source,1,1,peripheral
KhronosGroup/glslang,mhillenbrand,other,2,2,peripheral
KhronosGroup/glslang,mhillenbrand,source,7,4,peripheral
KhronosGroup/glslang,cyanreg,source,1,1,peripheral
KhronosGroup/glslang,chrisforbes,source,1,1,peripheral
KhronosGroup/glslang,AustralianTaxationOffice,source,1,1,peripheral
KhronosGroup/glslang,TheMindVirus,documentation,1,1,peripheral
KhronosGroup/glslang,AndreyMlashkin,documentation,1,3,peripheral
KhronosGroup/glslang,Reedbeta,source,2,1,peripheral
KhronosGroup/glslang,Reedbeta,other,8,1,peripheral
KhronosGroup/glslang,pkasting,source,2,1,peripheral
KhronosGroup/glslang,YunHsiao,source,1,1,peripheral
KhronosGroup/glslang,sudonatalie,source,1,1,peripheral
KhronosGroup/glslang,JustSid,source,3,3,peripheral
KhronosGroup/glslang,jaebaek,other,6,1,peripheral
KhronosGroup/glslang,jaebaek,source,2,2,peripheral
KhronosGroup/glslang,johnkslang,source,66,52,core
KhronosGroup/glslang,johnkslang,other,64,41,core
KhronosGroup/glslang,johnkslang,documentation,9,16,core
KhronosGroup/glslang,syntheticmagus,source,1,1,peripheral
KhronosGroup/glslang,johnstiles-google,other,2,1,peripheral
KhronosGroup/glslang,johnstiles-google,source,1,1,peripheral
KhronosGroup/glslang,tgfrerer,other,116,1,core
KhronosGroup/glslang,tgfrerer,source,1,1,core
KhronosGroup/glslang,xantares,source,1,1,peripheral
KhronosGroup/glslang,godlikepanos,other,2,1,peripheral
KhronosGroup/glslang,godlikepanos,source,1,1,peripheral
KhronosGroup/glslang,okuoku,documentation,1,1,peripheral
KhronosGroup/glslang,Rob2309,source,1,3,peripheral
KhronosGroup/glslang,Rob2309,other,5,1,peripheral
KhronosGroup/glslang,DadSchoorse,other,3,1,peripheral
KhronosGroup/glslang,DadSchoorse,source,2,1,peripheral
KhronosGroup/glslang,ZaOniRinku,source,1,1,peripheral
KhronosGroup/glslang,Drigax,source,1,1,peripheral
KhronosGroup/glslang,nullcatalyst,other,1,1,peripheral
KhronosGroup/glslang,feifei14119,source,2,1,peripheral
KhronosGroup/glslang,WDog367,source,20,1,peripheral
KhronosGroup/glslang,WDog367,other,22,1,peripheral
KhronosGroup/glslang,WDog367,documentation,1,1,peripheral
KhronosGroup/glslang,proydakov,documentation,1,5,peripheral
KhronosGroup/glslang,proydakov,other,2,2,peripheral
KhronosGroup/glslang,proydakov,source,2,2,peripheral
KhronosGroup/glslang,dgkoch,source,18,5,core
KhronosGroup/glslang,dgkoch,other,66,4,core
KhronosGroup/glslang,juliusikkala,source,1,1,peripheral
KhronosGroup/glslang,juliusikkala,documentation,1,1,peripheral
KhronosGroup/glslang,glebm,source,1,1,peripheral
KhronosGroup/glslang,cmarcelo,source,13,3,peripheral
KhronosGroup/glslang,cmarcelo,other,28,3,peripheral
KhronosGroup/glslang,cdotstout,documentation,1,1,peripheral
KhronosGroup/glslang,cdotstout,source,1,1,peripheral
KhronosGroup/glslang,cdotstout,other,1,1,peripheral
KhronosGroup/glslang,dezinjob,documentation,1,1,peripheral
KhronosGroup/glslang,nihui,other,203,1,core
KhronosGroup/glslang,nihui,source,50,3,core
KhronosGroup/glslang,nihui,documentation,4,2,core
KhronosGroup/glslang,critsec,source,15,1,peripheral
KhronosGroup/glslang,critsec,other,11,1,peripheral
KhronosGroup/glslang,Tobski,source,13,3,peripheral
KhronosGroup/glslang,Tobski,other,8,2,peripheral
KhronosGroup/glslang,courtney-g,other,1,1,peripheral
KhronosGroup/glslang,phniix,other,1,1,peripheral
KhronosGroup/glslang,phniix,source,2,3,peripheral
KhronosGroup/glslang,phniix,documentation,2,3,peripheral
KhronosGroup/glslang,Triang3l,source,1,1,peripheral
KhronosGroup/glslang,jonahryandavis,other,1,1,peripheral
KhronosGroup/glslang,BNieuwenhuizen,source,3,3,peripheral
KhronosGroup/glslang,BNieuwenhuizen,other,1,1,peripheral
KhronosGroup/glslang,null77,other,1,1,peripheral
KhronosGroup/glslang,RafaelMarinheiro,other,1,1,peripheral
KhronosGroup/glslang,ezdiy,source,3,1,peripheral
KhronosGroup/glslang,vkushwaha-nv,source,9,1,peripheral
KhronosGroup/glslang,vkushwaha-nv,other,4,1,peripheral
btel/svg_utils,thawn,source,1,1,peripheral
btel/svg_utils,hartwork,source,20,17,core
btel/svg_utils,hartwork,documentation,4,3,core
btel/svg_utils,hartwork,other,1,1,core
btel/svg_utils,dependabot[bot],source,4,2,peripheral
btel/svg_utils,btel,source,34,93,core
btel/svg_utils,btel,documentation,14,34,core
btel/svg_utils,btel,other,41,23,core
btel/svg_utils,shervinsahba,source,4,5,core
btel/svg_utils,shervinsahba,other,1,1,core
btel/svg_utils,Jam-Iko,documentation,1,2,peripheral
btel/svg_utils,khushishikhu,documentation,5,13,core
btel/svg_utils,abhisht51,documentation,1,3,peripheral
btel/svg_utils,CSCreator,source,1,1,peripheral
btel/svg_utils,malfatti,source,1,1,peripheral
btel/svg_utils,fkrecinic,source,1,1,peripheral
btel/svg_utils,ziererf,source,1,2,peripheral
btel/svg_utils,technic,source,2,4,peripheral
btel/svg_utils,schlpbch,documentation,1,1,peripheral
btel/svg_utils,ErickMR19,source,1,2,peripheral
btel/svg_utils,sjmf,source,3,6,peripheral
btel/svg_utils,CrazyPython,documentation,1,2,peripheral
btel/svg_utils,samuelba,source,1,2,peripheral
btel/svg_utils,brghena,source,1,1,peripheral
btel/svg_utils,bradjc,source,2,1,peripheral
btel/svg_utils,neurodroid,source,2,1,peripheral
btel/svg_utils,willwade,source,1,2,peripheral
btel/svg_utils,esc,documentation,1,1,peripheral
matplotlib/matplotlib,brooks-code,documentation,1,1,peripheral
matplotlib/matplotlib,brooks-code,source,5,1,peripheral
matplotlib/matplotlib,brooks-code,other,1,1,peripheral
matplotlib/matplotlib,brooks-code,test,1,1,peripheral
matplotlib/matplotlib,efiring,documentation,1,1,peripheral
matplotlib/matplotlib,efiring,source,2,1,peripheral
matplotlib/matplotlib,efiring,test,1,1,peripheral
matplotlib/matplotlib,greglucas,source,2,3,peripheral
matplotlib/matplotlib,greglucas,test,2,2,peripheral
matplotlib/matplotlib,greglucas,other,1,3,peripheral
matplotlib/matplotlib,melwyncarlo,source,2,1,peripheral
matplotlib/matplotlib,QuLogic,test,338,69,core
matplotlib/matplotlib,QuLogic,other,25,27,core
matplotlib/matplotlib,QuLogic,source,171,168,core
matplotlib/matplotlib,QuLogic,documentation,165,55,core
matplotlib/matplotlib,timhoffm,source,311,285,core
matplotlib/matplotlib,timhoffm,test,324,73,core
matplotlib/matplotlib,timhoffm,documentation,181,113,core
matplotlib/matplotlib,timhoffm,other,49,52,core
matplotlib/matplotlib,rcomer,source,88,90,core
matplotlib/matplotlib,rcomer,test,87,29,core
matplotlib/matplotlib,rcomer,documentation,29,19,core
matplotlib/matplotlib,rcomer,other,7,9,core
matplotlib/matplotlib,lilfer,other,1,1,peripheral
matplotlib/matplotlib,tacaswell,source,93,81,core
matplotlib/matplotlib,tacaswell,test,53,41,core
matplotlib/matplotlib,tacaswell,documentation,32,33,core
matplotlib/matplotlib,tacaswell,other,20,16,core
matplotlib/matplotlib,anntzer,documentation,18,21,core
matplotlib/matplotlib,anntzer,source,59,75,core
matplotlib/matplotlib,anntzer,test,30,24,core
matplotlib/matplotlib,anntzer,other,12,12,core
matplotlib/matplotlib,NMertsch,source,1,1,peripheral
matplotlib/matplotlib,NMertsch,other,1,1,peripheral
matplotlib/matplotlib,ksunden,source,22,41,core
matplotlib/matplotlib,ksunden,documentation,36,39,core
matplotlib/matplotlib,ksunden,test,187,11,core
matplotlib/matplotlib,ksunden,other,9,14,core
matplotlib/matplotlib,alphanoobie,source,1,1,peripheral
matplotlib/matplotlib,alphanoobie,test,1,1,peripheral
matplotlib/matplotlib,invalid-email-address,source,1,5,peripheral
matplotlib/matplotlib,ruvilonix,documentation,1,2,peripheral
matplotlib/matplotlib,FazeelUsmani,source,2,2,peripheral
matplotlib/matplotlib,FazeelUsmani,test,2,2,peripheral
matplotlib/matplotlib,FazeelUsmani,documentation,1,1,peripheral
matplotlib/matplotlib,manit2004,documentation,1,1,peripheral
matplotlib/matplotlib,manit2004,source,2,1,peripheral
matplotlib/matplotlib,manit2004,other,2,1,peripheral
matplotlib/matplotlib,manit2004,test,1,1,peripheral
matplotlib/matplotlib,miriamsimone,source,1,1,peripheral
matplotlib/matplotlib,miriamsimone,test,3,1,peripheral
matplotlib/matplotlib,raphaelquast,source,1,1,peripheral
matplotlib/matplotlib,story645,source,38,30,core
matplotlib/matplotlib,story645,documentation,17,19,core
matplotlib/matplotlib,story645,other,8,4,core
matplotlib/matplotlib,story645,test,9,8,core
matplotlib/matplotlib,ianhi,source,4,3,peripheral
matplotlib/matplotlib,ianhi,documentation,2,2,peripheral
matplotlib/matplotlib,Edge-Seven,source,1,1,peripheral
matplotlib/matplotlib,SSteve,documentation,1,1,peripheral
matplotlib/matplotlib,jklymak,source,24,25,peripheral
matplotlib/matplotlib,jklymak,test,2,2,peripheral
matplotlib/matplotlib,jklymak,documentation,4,8,peripheral
matplotlib/matplotlib,jklymak,other,3,1,peripheral
matplotlib/matplotlib,duncanmmacleod,source,1,1,peripheral
matplotlib/matplotlib,duncanmmacleod,test,1,1,peripheral
matplotlib/matplotlib,duncanmmacleod,documentation,1,1,peripheral
matplotlib/matplotlib,star1327p,source,8,7,peripheral
matplotlib/matplotlib,star1327p,test,3,4,peripheral
matplotlib/matplotlib,star1327p,documentation,2,3,peripheral
matplotlib/matplotlib,dependabot[bot],source,15,21,peripheral
matplotlib/matplotlib,LangQi99,source,6,7,peripheral
matplotlib/matplotlib,LangQi99,documentation,1,1,peripheral
matplotlib/matplotlib,lucasgruwez,documentation,1,1,peripheral
matplotlib/matplotlib,lucasgruwez,source,2,2,peripheral
matplotlib/matplotlib,trygvrad,source,9,7,peripheral
matplotlib/matplotlib,trygvrad,test,3,4,peripheral
matplotlib/matplotlib,trygvrad,documentation,1,2,peripheral
matplotlib/matplotlib,trygvrad,other,2,2,peripheral
matplotlib/matplotlib,ngoldbaum,test,1,2,peripheral
matplotlib/matplotlib,ngoldbaum,other,1,2,peripheral
matplotlib/matplotlib,ngoldbaum,source,4,1,peripheral
matplotlib/matplotlib,ZPyrolink,other,2,3,peripheral
matplotlib/matplotlib,ZPyrolink,source,3,7,peripheral
matplotlib/matplotlib,ZPyrolink,test,1,1,peripheral
matplotlib/matplotlib,ncoish,source,1,1,peripheral
matplotlib/matplotlib,rafaelkatri-controlid,other,1,1,peripheral
matplotlib/matplotlib,heinrich5991,source,2,1,peripheral
matplotlib/matplotlib,G26karthik,source,1,1,peripheral
matplotlib/matplotlib,dstansby,source,61,88,core
matplotlib/matplotlib,dstansby,test,22,32,core
matplotlib/matplotlib,dstansby,documentation,127,29,core
matplotlib/matplotlib,dstansby,other,21,15,core
matplotlib/matplotlib,Aaratrika-Shelly,source,5,3,peripheral
matplotlib/matplotlib,Aaratrika-Shelly,documentation,2,2,peripheral
matplotlib/matplotlib,Aaratrika-Shelly,test,2,2,peripheral
matplotlib/matplotlib,Aaratrika-Shelly,other,1,1,peripheral
matplotlib/matplotlib,mx-moth,source,1,1,peripheral
matplotlib/matplotlib,scottshambaugh,documentation,2,6,peripheral
matplotlib/matplotlib,scottshambaugh,source,9,9,peripheral
matplotlib/matplotlib,scottshambaugh,test,8,4,peripheral
matplotlib/matplotlib,scottshambaugh,other,2,2,peripheral
matplotlib/matplotlib,AasmaGupta,source,1,2,peripheral
matplotlib/matplotlib,jonathimer,documentation,1,1,peripheral
matplotlib/matplotlib,MengAiDev,source,1,1,peripheral
matplotlib/matplotlib,MengAiDev,test,1,1,peripheral
matplotlib/matplotlib,geofft,documentation,2,1,peripheral
matplotlib/matplotlib,brchristian,source,5,2,peripheral
matplotlib/matplotlib,brchristian,test,1,1,peripheral
matplotlib/matplotlib,brchristian,other,1,1,peripheral
matplotlib/matplotlib,ianthomas23,source,3,6,peripheral
matplotlib/matplotlib,ianthomas23,test,1,2,peripheral
matplotlib/matplotlib,Logan-Pageler,source,1,1,peripheral
matplotlib/matplotlib,itsmeamitesh01,source,1,1,peripheral
matplotlib/matplotlib,bhpcv252,other,1,1,peripheral
matplotlib/matplotlib,bhpcv252,test,1,1,peripheral
matplotlib/matplotlib,DominikStiller,source,4,2,peripheral
matplotlib/matplotlib,DominikStiller,other,2,1,peripheral
matplotlib/matplotlib,doronbehar,other,1,3,peripheral
matplotlib/matplotlib,doronbehar,source,1,2,peripheral
matplotlib/matplotlib,doronbehar,documentation,1,1,peripheral
matplotlib/matplotlib,lukashergt,source,1,5,peripheral
matplotlib/matplotlib,lukashergt,test,1,8,peripheral
matplotlib/matplotlib,lionelkusch,source,1,2,peripheral
matplotlib/matplotlib,AndrGutierrez,source,2,1,peripheral
matplotlib/matplotlib,AndrGutierrez,test,1,1,peripheral
matplotlib/matplotlib,thopkins32,source,1,1,peripheral
matplotlib/matplotlib,meeseeksmachine,source,6,6,peripheral
matplotlib/matplotlib,meeseeksmachine,test,6,5,peripheral
matplotlib/matplotlib,nrnavaneet,documentation,3,1,peripheral
matplotlib/matplotlib,nrnavaneet,test,2,5,peripheral
matplotlib/matplotlib,nrnavaneet,other,2,2,peripheral
matplotlib/matplotlib,nrnavaneet,source,3,3,peripheral
matplotlib/matplotlib,leakyH,source,1,1,peripheral
matplotlib/matplotlib,leakyH,test,1,1,peripheral
matplotlib/matplotlib,jocelynvj,documentation,1,1,peripheral
matplotlib/matplotlib,WeatherGod,documentation,1,1,peripheral
matplotlib/matplotlib,MarcoGorelli,other,1,1,peripheral
matplotlib/matplotlib,GameRoMan,other,1,4,peripheral
matplotlib/matplotlib,jkseppan,other,6,5,core
matplotlib/matplotlib,jkseppan,test,13,9,core
matplotlib/matplotlib,jkseppan,source,16,22,core
matplotlib/matplotlib,jkseppan,documentation,2,2,core
matplotlib/matplotlib,ayshih,source,52,5,core
matplotlib/matplotlib,ayshih,documentation,15,2,core
matplotlib/matplotlib,ayshih,other,12,1,core
matplotlib/matplotlib,ayshih,test,62,4,core
matplotlib/matplotlib,sbwiecko,other,1,1,peripheral
matplotlib/matplotlib,ianlv,documentation,2,1,peripheral
matplotlib/matplotlib,ianlv,source,1,1,peripheral
matplotlib/matplotlib,cvanelteren,source,1,1,peripheral
matplotlib/matplotlib,neutrinoceros,source,2,2,peripheral
matplotlib/matplotlib,DWesl,source,2,1,peripheral
matplotlib/matplotlib,vagnermcj,source,1,1,peripheral
matplotlib/matplotlib,vagnermcj,other,1,1,peripheral
matplotlib/matplotlib,chrisjbillington,source,2,1,peripheral
matplotlib/matplotlib,chrisjbillington,other,1,1,peripheral
matplotlib/matplotlib,ztw33,documentation,2,2,peripheral
matplotlib/matplotlib,konmenel,documentation,1,1,peripheral
matplotlib/matplotlib,konmenel,source,3,1,peripheral
matplotlib/matplotlib,konmenel,other,2,1,peripheral
matplotlib/matplotlib,konmenel,test,1,1,peripheral
matplotlib/matplotlib,asmeurer,source,281,7,core
matplotlib/matplotlib,asmeurer,test,72,7,core
matplotlib/matplotlib,asmeurer,other,41,2,core
matplotlib/matplotlib,asmeurer,documentation,154,2,core
matplotlib/matplotlib,emmanuel-ferdman,source,1,1,peripheral
matplotlib/matplotlib,nakanoh,source,1,1,peripheral
matplotlib/matplotlib,livlutz,source,1,1,peripheral
matplotlib/matplotlib,oscargus,documentation,11,7,core
matplotlib/matplotlib,oscargus,source,62,16,core
matplotlib/matplotlib,oscargus,other,5,4,core
matplotlib/matplotlib,oscargus,test,25,8,core
matplotlib/matplotlib,MarieSacksick,source,1,1,peripheral
matplotlib/matplotlib,matthewfeickert,source,3,2,peripheral
matplotlib/matplotlib,matthewfeickert,documentation,1,1,peripheral
matplotlib/matplotlib,matthewfeickert,test,1,1,peripheral
matplotlib/matplotlib,matthewfeickert,other,2,1,peripheral
matplotlib/matplotlib,r3kste,source,9,14,peripheral
matplotlib/matplotlib,r3kste,test,11,7,peripheral
matplotlib/matplotlib,r3kste,other,3,4,peripheral
matplotlib/matplotlib,r3kste,documentation,1,3,peripheral
matplotlib/matplotlib,MiniX16,test,1,1,peripheral
matplotlib/matplotlib,useidemaisachola,source,1,2,peripheral
matplotlib/matplotlib,useidemaisachola,test,1,2,peripheral
matplotlib/matplotlib,JosephBARBIERDARNAL,other,1,1,peripheral
matplotlib/matplotlib,JosephBARBIERDARNAL,documentation,1,1,peripheral
matplotlib/matplotlib,founta,test,1,2,peripheral
matplotlib/matplotlib,founta,source,1,1,peripheral
matplotlib/matplotlib,sandyowlet,source,2,2,peripheral
matplotlib/matplotlib,jayaddison,source,2,10,peripheral
matplotlib/matplotlib,jayaddison,test,1,1,peripheral
matplotlib/matplotlib,albus-droid,source,1,1,peripheral
matplotlib/matplotlib,albus-droid,test,1,1,peripheral
matplotlib/matplotlib,stefanv,other,1,5,peripheral
matplotlib/matplotlib,NicoWeio,source,1,1,peripheral
matplotlib/matplotlib,hasanrashid,source,2,1,peripheral
matplotlib/matplotlib,hasanrashid,other,1,1,peripheral
matplotlib/matplotlib,hasanrashid,test,1,1,peripheral
matplotlib/matplotlib,martincornejo,other,1,1,peripheral
matplotlib/matplotlib,martincornejo,source,1,1,peripheral
matplotlib/matplotlib,eendebakpt,documentation,1,1,peripheral
matplotlib/matplotlib,eendebakpt,source,2,1,peripheral
matplotlib/matplotlib,eendebakpt,other,1,1,peripheral
matplotlib/matplotlib,eendebakpt,test,2,1,peripheral
matplotlib/matplotlib,34j,source,1,3,peripheral
matplotlib/matplotlib,AdarshDec,source,22,4,core
matplotlib/matplotlib,AdarshDec,test,62,3,core
matplotlib/matplotlib,AdarshDec,other,5,1,core
matplotlib/matplotlib,AdarshDec,documentation,9,1,core
matplotlib/matplotlib,vrajrajpura,source,1,1,peripheral
matplotlib/matplotlib,vrajrajpura,documentation,1,1,peripheral
matplotlib/matplotlib,guillermodotn,source,1,1,peripheral
matplotlib/matplotlib,guillermodotn,test,1,1,peripheral
matplotlib/matplotlib,davidlowryduda,source,1,1,peripheral
matplotlib/matplotlib,vnmabus,source,1,1,peripheral
matplotlib/matplotlib,vnmabus,other,1,1,peripheral
matplotlib/matplotlib,mhvk,test,1,2,peripheral
matplotlib/matplotlib,mhvk,source,1,2,peripheral
matplotlib/matplotlib,anabelle2001,other,1,1,peripheral
matplotlib/matplotlib,mtsokol,source,1,1,peripheral
matplotlib/matplotlib,thedatacurious,source,1,5,peripheral
matplotlib/matplotlib,q33566,source,1,1,peripheral
matplotlib/matplotlib,bruswaine,source,1,1,peripheral
matplotlib/matplotlib,bruswaine,test,1,1,peripheral
matplotlib/matplotlib,aureliobarbosa,documentation,1,1,peripheral
matplotlib/matplotlib,marbled-toast,source,1,3,peripheral
matplotlib/matplotlib,TheSkyentist,source,1,2,peripheral
matplotlib/matplotlib,jimmyshah,documentation,2,1,peripheral
matplotlib/matplotlib,brifore13,documentation,1,1,peripheral
matplotlib/matplotlib,brifore13,source,2,1,peripheral
matplotlib/matplotlib,brifore13,other,1,1,peripheral
matplotlib/matplotlib,brifore13,test,1,1,peripheral
matplotlib/matplotlib,QianZhang19,source,1,2,peripheral
matplotlib/matplotlib,AdamOrmondroyd,source,1,1,peripheral
matplotlib/matplotlib,AdamOrmondroyd,test,2,1,peripheral
matplotlib/matplotlib,has2k1,other,1,1,peripheral
matplotlib/matplotlib,pat8901,source,4,1,peripheral
matplotlib/matplotlib,Kaustbh,test,1,1,peripheral
matplotlib/matplotlib,prafulgulani,source,1,2,peripheral
matplotlib/matplotlib,prafulgulani,test,1,2,peripheral
matplotlib/matplotlib,kyracho,documentation,1,1,peripheral
matplotlib/matplotlib,kyracho,source,2,1,peripheral
matplotlib/matplotlib,chaoyihu,documentation,1,1,peripheral
matplotlib/matplotlib,chaoyihu,source,1,2,peripheral
matplotlib/matplotlib,chaoyihu,test,1,1,peripheral
matplotlib/matplotlib,bnavigator,test,1,1,peripheral
matplotlib/matplotlib,martinky24,source,3,2,peripheral
matplotlib/matplotlib,gdmcbain,source,1,3,peripheral
matplotlib/matplotlib,Impaler343,source,2,1,peripheral
matplotlib/matplotlib,DerWeh,source,1,1,peripheral
matplotlib/matplotlib,DerWeh,other,1,1,peripheral
matplotlib/matplotlib,landoskape,source,3,2,peripheral
matplotlib/matplotlib,landoskape,documentation,1,1,peripheral
matplotlib/matplotlib,landoskape,other,1,1,peripheral
matplotlib/matplotlib,landoskape,test,1,1,peripheral
matplotlib/matplotlib,nhansendev,documentation,1,1,peripheral
matplotlib/matplotlib,nhansendev,source,2,1,peripheral
mossblaser/plottie,mossblaser,source,23,28,core
mossblaser/plottie,mossblaser,documentation,2,4,core
mossblaser/plottie,mossblaser,other,5,2,core
mozman/svgwrite,mozman,documentation,8,20,core
mozman/svgwrite,mozman,source,61,49,core
mozman/svgwrite,mozman,other,12,4,core
mozman/svgwrite,normanrz,source,3,4,peripheral
mozman/svgwrite,dbready,documentation,1,1,peripheral
mozman/svgwrite,Natureshadow,source,2,1,peripheral
mozman/svgwrite,eumiro,source,26,2,peripheral
mozman/svgwrite,resloved,documentation,2,1,peripheral
mozman/svgwrite,PaulCordo,source,1,1,peripheral
mozman/svgwrite,Wlouiskroeger,source,1,1,peripheral
mozman/svgwrite,shlomif,source,4,1,peripheral
mozman/svgwrite,nathan-muir,source,1,1,peripheral
mozman/svgwrite,florianfesti,other,1,1,peripheral
mozman/svgwrite,florianfesti,documentation,2,1,peripheral
mozman/svgwrite,florianfesti,source,6,3,peripheral
mozman/svgwrite,jamadagni,documentation,1,2,peripheral
mozman/svgwrite,vojtechtrefny,source,1,1,peripheral
mozman/svgwrite,mitar,source,3,3,peripheral
mozman/svgwrite,cghanke,source,8,3,peripheral
mozman/svgwrite,cghanke,other,1,1,peripheral
mozman/svgwrite,nathanwoody,source,2,1,peripheral
mozman/svgwrite,suriya,other,15,1,core
mozman/svgwrite,suriya,documentation,60,1,core
mozman/svgwrite,suriya,source,118,1,core
mozman/svgwrite,suriya,test,1,1,core
mozman/svgwrite,qbilius,source,1,1,peripheral
mozman/svgwrite,jmahmood,source,5,2,peripheral
mrdoob/three.js,leannepepper,source,1,1,peripheral
mrdoob/three.js,sunag,source,522,266,core
mrdoob/three.js,sunag,other,32,27,core
mrdoob/three.js,sunag,test,3,2,core
mrdoob/three.js,renovate[bot],source,5,86,peripheral
mrdoob/three.js,Mugen87,other,74,81,core
mrdoob/three.js,Mugen87,source,1430,384,core
mrdoob/three.js,Mugen87,documentation,4,20,core
mrdoob/three.js,YusakuNo1,source,1,1,peripheral
mrdoob/three.js,mrdoob,source,1137,253,core
mrdoob/three.js,mrdoob,other,413,110,core
mrdoob/three.js,mrdoob,documentation,28,26,core
mrdoob/three.js,mrdoob,test,5,9,core
mrdoob/three.js,jwheare,source,3,3,peripheral
mrdoob/three.js,OndrejSpanel,source,5,2,peripheral
mrdoob/three.js,gkjohnson,source,34,12,core
mrdoob/three.js,gkjohnson,other,3,2,core
mrdoob/three.js,WestLangley,source,73,48,core
mrdoob/three.js,WestLangley,other,9,7,core
mrdoob/three.js,verekia,source,1,1,peripheral
mrdoob/three.js,jgphilpott,source,3,1,peripheral
mrdoob/three.js,jgphilpott,other,1,1,peripheral
mrdoob/three.js,Methuselah96,source,15,11,peripheral
mrdoob/three.js,Om-Mishra09,source,1,1,peripheral
mrdoob/three.js,Magnus1X,source,1,1,peripheral
mrdoob/three.js,Ayush123-e,source,1,1,peripheral
mrdoob/three.js,TylerSelden,source,1,1,peripheral
mrdoob/three.js,querielo,source,28,16,core
mrdoob/three.js,querielo,other,2,2,core
mrdoob/three.js,whatisor,source,1,1,peripheral
mrdoob/three.js,castano,other,3,1,peripheral
mrdoob/three.js,castano,source,10,3,peripheral
mrdoob/three.js,cmhhelgeson,source,48,29,core
mrdoob/three.js,cmhhelgeson,other,2,2,core
mrdoob/three.js,SE7EN2028,source,1,1,peripheral
mrdoob/three.js,RenaudRohlinger,source,58,21,core
mrdoob/three.js,RenaudRohlinger,other,3,3,core
mrdoob/three.js,holtsetio,source,10,5,peripheral
mrdoob/three.js,holtsetio,other,2,2,peripheral
mrdoob/three.js,dependabot[bot],source,1,4,peripheral
mrdoob/three.js,SollyBunny,source,4,3,peripheral
mrdoob/three.js,rotu,source,1,1,peripheral
mrdoob/three.js,MOHITKOURAV01,source,1,1,peripheral
mrdoob/three.js,thibka,source,1,1,peripheral
mrdoob/three.js,shotamatsuda,source,20,16,peripheral
mrdoob/three.js,shotamatsuda,other,1,1,peripheral
mrdoob/three.js,Ne0nWinds,source,12,3,peripheral
mrdoob/three.js,ycw,source,20,16,peripheral
mrdoob/three.js,michael-erskine,source,1,1,peripheral
mrdoob/three.js,jhlggit,source,1,1,peripheral
mrdoob/three.js,crazylogic03,source,1,1,peripheral
mrdoob/three.js,abernier,source,1,1,peripheral
mrdoob/three.js,NssGourav,source,1,1,peripheral
mrdoob/three.js,FarazzShaikh,source,1,1,peripheral
mrdoob/three.js,aganders3,source,1,1,peripheral
mrdoob/three.js,NuroDev,source,2,1,peripheral
mrdoob/three.js,TheBlek,source,6,2,peripheral
mrdoob/three.js,marwie,source,91,5,core
mrdoob/three.js,marwie,other,3,3,core
mrdoob/three.js,Spiri0,source,13,5,peripheral
mrdoob/three.js,LR17,source,1,1,peripheral
mrdoob/three.js,Rikahei,source,11,5,peripheral
mrdoob/three.js,Rikahei,other,2,1,peripheral
mrdoob/three.js,Rikahei,documentation,1,1,peripheral
mrdoob/three.js,jonsmithers,source,1,1,peripheral
mrdoob/three.js,donmccurdy,source,16,9,core
mrdoob/three.js,donmccurdy,other,29,4,core
mrdoob/three.js,sunjiang0018,source,1,1,peripheral
mrdoob/three.js,joey8angelo,source,1,1,peripheral
mrdoob/three.js,pangda9527,source,2,1,peripheral
mrdoob/three.js,s-rigaud,source,310,58,core
mrdoob/three.js,mkeblx,source,30,17,core
mrdoob/three.js,neilrackett,source,5,3,peripheral
mrdoob/three.js,Konseyy,source,1,1,peripheral
mrdoob/three.js,puxiao,source,150,1,core
mrdoob/three.js,pvtech-adam,source,1,1,peripheral
mrdoob/three.js,tonybart1337,source,1,1,peripheral
mrdoob/three.js,davcri,source,1,1,peripheral
mrdoob/three.js,jjohnson5253,source,1,1,peripheral
mrdoob/three.js,Berthur,source,4,2,peripheral
mrdoob/three.js,FE-kang,source,3,2,peripheral
mrdoob/three.js,zeux,source,2,2,peripheral
mrdoob/three.js,xiaoliyooo,source,2,1,peripheral
mrdoob/three.js,zalo,source,3,5,peripheral
mrdoob/three.js,CodyJasonBennett,source,22,6,peripheral
mrdoob/three.js,greggman,documentation,1,1,peripheral
mrdoob/three.js,xjh22222228,source,11,1,peripheral
mrdoob/three.js,mmjinglin163,source,7,6,peripheral
mrdoob/three.js,harryhjsh,source,3,3,peripheral
mrdoob/three.js,cabanier,source,21,14,peripheral
mrdoob/three.js,cabanier,other,2,2,peripheral
mrdoob/three.js,jorodi,source,1,1,peripheral
mrdoob/three.js,SeeleyLogan,source,4,2,peripheral
mrdoob/three.js,SeeleyLogan,other,1,1,peripheral
mrdoob/three.js,hybridherbst,source,2,1,peripheral
mrdoob/three.js,hybridherbst,other,1,1,peripheral
mrdoob/three.js,linbingquan,source,29,18,core
mrdoob/three.js,vincentfretin,source,2,2,peripheral
mrdoob/three.js,repalash,source,13,2,peripheral
mrdoob/three.js,HappyColour,source,1,1,peripheral
mrdoob/three.js,IanDingMing,source,1,1,peripheral
mrdoob/three.js,ahaensler,source,3,3,peripheral
mrdoob/three.js,314159265358x,source,1,1,peripheral
mrdoob/three.js,boggan,source,1,1,peripheral
mrdoob/three.js,yuangang123,source,4,4,peripheral
mrdoob/three.js,NoxDawnsong,source,7,3,peripheral
mrdoob/three.js,NoxDawnsong,other,1,1,peripheral
mrdoob/three.js,mikeskydev,source,7,2,peripheral
mrdoob/three.js,mikeskydev,other,1,1,peripheral
mrdoob/three.js,sciecode,source,1,1,peripheral
mrdoob/three.js,bhouston,source,6,1,peripheral
mrdoob/three.js,bhouston,test,15,1,peripheral
mrdoob/three.js,bhouston,other,7,1,peripheral
mrdoob/three.js,pwlviolet,source,1,1,peripheral
mrdoob/three.js,lukehorvat,source,4,1,peripheral
mrdoob/three.js,agargaro,source,4,2,peripheral
mrdoob/three.js,agargaro,other,1,1,peripheral
mrdoob/three.js,mrxz,source,3,2,peripheral
mrdoob/three.js,powah,source,1,1,peripheral
mrdoob/three.js,andreas-hilti,source,3,1,peripheral
mrdoob/three.js,wyc001122,source,1,1,peripheral
mrdoob/three.js,Jenychen1996,source,1,1,peripheral
mrdoob/three.js,souhailaS,source,1,1,peripheral
mrdoob/three.js,floriandotorg,source,1,1,peripheral
mrdoob/three.js,andyleiserson,source,1,1,peripheral
mrdoob/three.js,vis-prime,source,1,1,peripheral
mrdoob/three.js,HuangLinBao,source,1,1,peripheral
mrdoob/three.js,sonwonjae,source,1,1,peripheral
mrdoob/three.js,AlexRynas,source,1,1,peripheral
mrdoob/three.js,wy-luke,source,5,1,peripheral
mrdoob/three.js,MeirArani,source,7,1,peripheral
mrdoob/three.js,Rtwo-Dtwo,source,9,1,peripheral
mrdoob/three.js,Rtwo-Dtwo,other,1,1,peripheral
mrdoob/three.js,zeevick10,source,2,1,peripheral
mrdoob/three.js,vtjl10,source,1,1,peripheral
mrdoob/three.js,juji,source,1,1,peripheral
mrdoob/three.js,AlexandreGagne10,source,57,1,core
mrdoob/three.js,pashaydev,source,5,1,peripheral
mrdoob/three.js,pashaydev,other,1,1,peripheral
mrdoob/three.js,SamJB123,source,1,1,peripheral
mrdoob/three.js,kristiker,source,5,1,peripheral
mrdoob/three.js,pavel-mazhuga,source,1,1,peripheral
mrdoob/three.js,lumotai,documentation,1,1,peripheral
mrdoob/three.js,Floppy,source,1,1,peripheral
mrdoob/three.js,rtortajada,source,1,1,peripheral
mrdoob/three.js,HongchengZhao,source,1,1,peripheral
mrdoob/three.js,aaronfranke,source,1,1,peripheral
mrdoob/three.js,tatsuya-ogawa,other,3,2,peripheral
mrdoob/three.js,tatsuya-ogawa,source,2,3,peripheral
mrdoob/three.js,upisfree,source,1,1,peripheral
mrdoob/three.js,nkrajina,source,1,1,peripheral
mrdoob/three.js,Altrozero,source,1,1,peripheral
mrdoob/three.js,vitro-mod,source,1,1,peripheral
mrdoob/three.js,F-loat,source,2,2,peripheral
mrdoob/three.js,F-loat,other,1,1,peripheral
mrdoob/three.js,arcs-,source,1,1,peripheral
mrdoob/three.js,satelllte,source,4,4,peripheral
mrdoob/three.js,luigidenora,source,1,1,peripheral
mrdoob/three.js,notgod6,source,1,1,peripheral
mrdoob/three.js,andytriboletti,source,3,1,peripheral
mrdoob/three.js,andytriboletti,other,1,1,peripheral
mrdoob/three.js,lixinde,source,1,1,peripheral
mrdoob/three.js,danrossi,source,1,1,peripheral
mrdoob/three.js,rkreis-v,source,1,1,peripheral
mrdoob/three.js,linzhou559,source,1,1,peripheral
mrdoob/three.js,rizzler329842,source,1,1,peripheral
mrdoob/three.js,arturitu,source,1,1,peripheral
mrdoob/three.js,shlomnissan,source,1,1,peripheral
mrdoob/three.js,chirsz-ever,source,1,1,peripheral
mrdoob/three.js,NikLever,source,9,1,peripheral
mrdoob/three.js,NikLever,other,4,1,peripheral
mrdoob/three.js,Makio64,source,1,1,peripheral
mrdoob/three.js,haxiomic,source,5,2,peripheral
mrdoob/three.js,haxiomic,other,1,1,peripheral
mrdoob/three.js,mlasala45,source,1,2,peripheral
mrdoob/three.js,mlasala45,other,2,1,peripheral
mrdoob/three.js,lo-th,source,5,1,peripheral
mrdoob/three.js,lo-th,other,11,1,peripheral
mrdoob/three.js,omahs,source,18,1,peripheral
mrdoob/three.js,omahs,documentation,1,1,peripheral
mrdoob/three.js,brentyi,source,1,1,peripheral
mrdoob/three.js,Bajdzis,source,1,1,peripheral
mrdoob/three.js,Child-qjj,source,1,1,peripheral
mrdoob/three.js,james090500,source,1,1,peripheral
mrdoob/three.js,greyb1t,source,2,1,peripheral
mrdoob/three.js,zphr,source,1,1,peripheral
mrdoob/three.js,zonkypop,source,1,1,peripheral
processing/processing,SableRaf,documentation,1,1,peripheral
processing/processing,SableRaf,source,1,1,peripheral
processing/processing,Stefterv,source,1,2,peripheral
processing/processing,benfry,source,223,653,core
processing/processing,benfry,documentation,18,424,core
processing/processing,benfry,other,116,83,core
processing/processing,sashashura,source,1,1,peripheral
processing/processing,jeremydouglass,documentation,1,3,peripheral
processing/processing,jeremydouglass,source,2,2,peripheral
processing/processing,ChefYeum,documentation,1,1,peripheral
processing/processing,villares,other,1,2,peripheral
processing/processing,hugovalepereira,source,1,1,peripheral
processing/processing,REAS,source,17,34,peripheral
processing/processing,REAS,documentation,1,2,peripheral
processing/processing,REAS,other,5,1,peripheral
processing/processing,Minimaximize,source,33,3,peripheral
processing/processing,Minimaximize,other,3,2,peripheral
processing/processing,Minimaximize,documentation,3,2,peripheral
processing/processing,rzats,other,2,4,peripheral
processing/processing,rzats,source,5,4,peripheral
processing/processing,galsasson,source,2,1,peripheral
processing/processing,mcslee,source,1,1,peripheral
processing/processing,codeanticode,source,12,45,peripheral
processing/processing,JakubValtar,source,90,263,core
processing/processing,JakubValtar,other,20,8,core
processing/processing,JakubValtar,documentation,3,2,core
processing/processing,monkstone,source,1,1,peripheral
processing/processing,cosimoc,source,1,3,peripheral
processing/processing,Sardtok,source,4,3,peripheral
processing/processing,gohai,other,64,34,core
processing/processing,gohai,source,36,71,core
processing/processing,gohai,documentation,3,5,core
processing/processing,setanarut,other,1,1,peripheral
processing/processing,liquidev,source,35,7,core
processing/processing,liquidev,other,47,3,core
processing/processing,liquidev,documentation,5,2,core
processing/processing,hbs,source,1,1,peripheral
processing/processing,FlorisVO,source,1,1,peripheral
processing/processing,alranel,source,1,2,peripheral
processing/processing,GKFX,source,43,17,core
processing/processing,GKFX,other,4,6,core
processing/processing,GKFX,documentation,6,1,core
processing/processing,TobiPristupin,source,1,1,peripheral
processing/processing,hazmatsuitor,source,1,1,peripheral
processing/processing,alexanderghurst,source,1,1,peripheral
processing/processing,crazymaster,other,1,6,peripheral
processing/processing,Prince-Polka,source,1,4,peripheral
processing/processing,kisarur,source,2,4,peripheral
processing/processing,karlre,other,1,1,peripheral
processing/processing,scollovati,other,1,17,peripheral
processing/processing,scollovati,source,1,1,peripheral
processing/processing,pacoelayudante,source,1,2,peripheral
processing/processing,rbonifacio,source,10,3,peripheral
processing/processing,dcuartielles,source,1,1,peripheral
processing/processing,charlesbones,source,2,1,peripheral
processing/processing,charlesbones,other,3,1,peripheral
processing/processing,ohommos,other,1,3,peripheral
processing/processing,ohommos,source,9,3,peripheral
processing/processing,ohommos,documentation,3,3,peripheral
processing/processing,libasoles,documentation,1,1,peripheral
processing/processing,google-feinberg,source,1,5,peripheral
processing/processing,joelmoniz,source,1,1,peripheral
processing/processing,suheb,documentation,1,1,peripheral
processing/processing,scotthmurray,source,2,2,peripheral
processing/processing,jordirosa-p5,other,1,1,peripheral
processing/processing,federicobond,other,1,1,peripheral
processing/processing,jshrake,source,1,1,peripheral
processing/processing,tyfkda,source,8,6,peripheral
processing/processing,tyfkda,other,2,2,peripheral
processing/processing,inkwellsiesta,source,7,8,peripheral
processing/processing,satoshiokita,source,1,1,peripheral
sass/sass,nex3,source,89,151,core
sass/sass,nex3,documentation,221,540,core
sass/sass,nex3,other,12,80,core
sass/sass,dependabot[bot],source,1,131,peripheral
sass/sass,dependabot[bot],documentation,1,1,peripheral
sass/sass,Goodwine,documentation,11,7,peripheral
sass/sass,Goodwine,source,4,2,peripheral
sass/sass,Goodwine,other,1,1,peripheral
sass/sass,ntkme,documentation,6,8,peripheral
sass/sass,ntkme,other,4,5,peripheral
sass/sass,ntkme,source,7,11,peripheral
sass/sass,jamesnw,documentation,29,29,core
sass/sass,jamesnw,source,8,4,core
sass/sass,jamesnw,other,2,1,core
sass/sass,jathak,source,12,9,core
sass/sass,jathak,documentation,24,16,core
sass/sass,jathak,other,3,2,core
sass/sass,stof,source,9,6,peripheral
sass/sass,stof,documentation,27,22,peripheral
sass/sass,stof,other,2,6,peripheral
sass/sass,jerivas,documentation,8,4,peripheral
sass/sass,jerivas,source,4,2,peripheral
sass/sass,jgerigmeyer,documentation,11,14,peripheral
sass/sass,jgerigmeyer,source,4,2,peripheral
sass/sass,jgerigmeyer,other,2,2,peripheral
sass/sass,connorskees,source,3,2,peripheral
sass/sass,connorskees,other,2,2,peripheral
sass/sass,connorskees,documentation,5,4,peripheral
sass/sass,pamelalozano16,source,1,1,peripheral
sass/sass,pamelalozano16,documentation,2,2,peripheral
sass/sass,larsgrefer,documentation,1,1,peripheral
sass/sass,larsgrefer,other,3,2,peripheral
sass/sass,mirisuzanne,documentation,6,8,peripheral
sass/sass,dvdherron,documentation,5,3,peripheral
sass/sass,jlosito,source,1,1,peripheral
sass/sass,bramus,documentation,1,1,peripheral
sass/sass,codemacabre,source,1,1,peripheral
sass/sass,adamhooper,source,1,1,peripheral
sass/sass,xnuk,documentation,1,1,peripheral
sass/sass,Rafer45,documentation,7,2,peripheral
sass/sass,duncansmart,documentation,1,1,peripheral
sass/sass,ahmdtalat,source,1,1,peripheral
sass/sass,Awjin,documentation,3,4,peripheral
sass/sass,TeresaPartidaS,source,8,2,peripheral
sass/sass,TeresaPartidaS,other,1,1,peripheral
sass/sass,asottile,documentation,3,2,peripheral
sass/sass,nschonni,documentation,1,1,peripheral
