repo_name,total_contributions,n_contributors_total,core_n,peripheral_n,core_peripheral_ratio,core_top_fraction
JuliaLang/julia,1432017,52,11,41,0.2682926829268293,0.2
galaxyproject/galaxy-hub,66690,46,10,36,0.2777777777777778,0.2
galaxyproject/training-material,152025,45,9,36,0.25,0.2
scipy/scipy,17637,33,7,26,0.2692307692307692,0.2
gnu-octave/packages,6716,29,6,23,0.2608695652173913,0.2
sympy/sympy,10575,28,6,22,0.2727272727272727,0.2
napari/napari,16612,27,6,21,0.2857142857142857,0.2
JuliaLang/www.julialang.org,41191,27,6,21,0.2857142857142857,0.2
astropy/astropy,32952,25,5,20,0.25,0.2
pymc-devs/pymc,44814,23,5,18,0.2777777777777778,0.2
numpy/numpy,50553,23,5,18,0.2777777777777778,0.2
scikit-learn/scikit-learn,21418,23,5,18,0.2777777777777778,0.2
conda/conda-build,150275,23,5,18,0.2777777777777778,0.2
pandas-dev/pandas,18160,22,5,17,0.2941176470588235,0.2
JuliaLang/Pkg.jl,18356,22,5,17,0.2941176470588235,0.2
OSGeo/grass-addons,77394,22,5,17,0.2941176470588235,0.2
stan-dev/math,128792,21,5,16,0.3125,0.2
galaxyproject/galaxy,75272,21,5,16,0.3125,0.2
pydata/xarray,13376,21,5,16,0.3125,0.2
pybamm-team/PyBaMM,123868,21,5,16,0.3125,0.2
gammapy/gammapy-meetings,522,21,5,16,0.3125,0.2
OSGeo/grass,167268,20,4,16,0.25,0.2
lfortran/lfortran,11014,20,4,16,0.25,0.2
dask/dask,43369,20,4,16,0.25,0.2
conda/conda,308891,19,4,15,0.2666666666666666,0.2
matplotlib/matplotlib,13817,18,4,14,0.2857142857142857,0.2
openfheorg/openfhe-development,9159,18,4,14,0.2857142857142857,0.2
QuantEcon/lecture-python-intro,11284,18,4,14,0.2857142857142857,0.2
bokeh/bokeh,157667,17,4,13,0.3076923076923077,0.2
FEniCS/ufl,44682,17,4,13,0.3076923076923077,0.2
tardis-sn/tardis,2051,17,4,13,0.3076923076923077,0.2
pymc-devs/pytensor,13773,17,4,13,0.3076923076923077,0.2
MDAnalysis/mdanalysis,41234,16,4,12,0.3333333333333333,0.2
galaxyproject/tools-iuc,9769,16,4,12,0.3333333333333333,0.2
scverse/scvi-tools,114595,16,4,12,0.3333333333333333,0.2
jupyter/governance,1476,16,4,12,0.3333333333333333,0.2
JuliaLang/juliaup,21014,15,3,12,0.25,0.2
dask/distributed,32355,15,3,12,0.25,0.2
conda/constructor,608,15,3,12,0.25,0.2
InsightSoftwareConsortium/ITK,43409,14,3,11,0.2727272727272727,0.2
FEniCS/dolfinx,912312,14,3,11,0.2727272727272727,0.2
QuantEcon/lecture-python.myst,2985,14,3,11,0.2727272727272727,0.2
zarr-developers/zarr-python,18519,14,3,11,0.2727272727272727,0.2
JuliaLang/PackageCompiler.jl,864,14,3,11,0.2727272727272727,0.2
scverse/scverse.github.io,806,14,3,11,0.2727272727272727,0.2
SciML/SciMLBenchmarks.jl,28870,13,3,10,0.3,0.2
stan-dev/docs,14097,13,3,10,0.3,0.2
holoviz/panel,166774,13,3,10,0.3,0.2
sunpy/sunpy,233069,13,3,10,0.3,0.2
pymc-devs/pymc-examples,566,13,3,10,0.3,0.2
pydata/pydata-sphinx-theme,3070,13,3,10,0.3,0.2
napari/npe2,438,13,3,10,0.3,0.2
scientific-python/specs,199,13,3,10,0.3,0.2
conda/conda-docs,6167,13,3,10,0.3,0.2
stan-dev/stan-dev.github.io,342,13,3,10,0.3,0.2
napari/docs,368,13,3,10,0.3,0.2
galaxyproject/iwc,1817,13,3,10,0.3,0.2
scverse/scvi-tutorials,3461,13,3,10,0.3,0.2
JuliaLang/Distributed.jl,63,13,3,10,0.3,0.2
OSGeo/gdal,354779,12,3,9,0.3333333333333333,0.2
ipython/ipykernel,532,12,3,9,0.3333333333333333,0.2
napari/napari.github.io,1592,12,3,9,0.3333333333333333,0.2
SciML/OrdinaryDiffEq.jl,32182,12,3,9,0.3333333333333333,0.2
gammapy/gammapy,17546,12,3,9,0.3333333333333333,0.2
FEniCS/ffcx,145221,12,3,9,0.3333333333333333,0.2
holoviz/holoviews,147446,12,3,9,0.3333333333333333,0.2
pymc-devs/pymc-experimental,828,12,3,9,0.3333333333333333,0.2
JuliaLang/Downloads.jl,133,12,3,9,0.3333333333333333,0.2
pangeo-data/pangeo,333,12,3,9,0.3333333333333333,0.2
scverse/scanpy,37754,12,3,9,0.3333333333333333,0.2
scverse/cookiecutter-scverse,2397,12,3,9,0.3333333333333333,0.2
JuliaLang/JuliaSyntax.jl,2086,12,3,9,0.3333333333333333,0.2
scverse/ecosystem-packages,781,12,3,9,0.3333333333333333,0.2
FEniCS/basix,46265,11,3,8,0.375,0.2
stan-dev/stan,15426,11,3,8,0.375,0.2
SciML/ModelingToolkit.jl,80473,11,3,8,0.375,0.2
OSGeo/grass-website,821,11,3,8,0.375,0.2
jupyter/nbconvert,419,11,3,8,0.375,0.2
scikit-image/scikit-image,1476,11,3,8,0.375,0.2
SciML/NeuralPDE.jl,10107,11,3,8,0.375,0.2
astropy/astropy.github.com,311,11,3,8,0.375,0.2
fortran-lang/fpm,4368,11,3,8,0.375,0.2
networkx/networkx,1290,11,3,8,0.375,0.2
holoviz/hvplot,9562,11,3,8,0.375,0.2
MDAnalysis/MDAnalysis.github.io,2181,11,3,8,0.375,0.2
scverse/squidpy,1648,11,3,8,0.375,0.2
scverse/spatialdata,5635,11,3,8,0.375,0.2
scverse/napari-spatialdata,1130,11,3,8,0.375,0.2
QuantEcon/lecture-jax,1455,11,3,8,0.375,0.2
OSGeo/PROJ,30146,10,2,8,0.25,0.2
fortran-lang/stdlib,2010,10,2,8,0.25,0.2
fortran-lang/fpm-docs,436,10,2,8,0.25,0.2
stan-dev/stanc3,18572,10,2,8,0.25,0.2
pangeo-data/pangeo-docker-images,5764,10,2,8,0.25,0.2
jupyter/notebook,1626,10,2,8,0.25,0.2
SciML/Catalyst.jl,36625,10,2,8,0.25,0.2
arviz-devs/arviz,2635,10,2,8,0.25,0.2
holoviz/lumen,8493,10,2,8,0.25,0.2
nteract/nteract,370,10,2,8,0.25,0.2
scientific-python/scientific-python.org,545,10,2,8,0.25,0.2
conda/actions,2567,10,2,8,0.25,0.2
pybamm-team/liionpack,6918,10,2,8,0.25,0.2
astropy/astropy-project,345,10,2,8,0.25,0.2
SciML/LinearSolve.jl,9943,10,2,8,0.25,0.2
SciML/NonlinearSolve.jl,8722,10,2,8,0.25,0.2
jupyter/jupyter_client,508,10,2,8,0.25,0.2
conda/conda-pack,2697,10,2,8,0.25,0.2
MDAnalysis/UserGuide,1462,10,2,8,0.25,0.2
conda/conda-content-trust,1724,10,2,8,0.25,0.2
conda/menuinst,1375,10,2,8,0.25,0.2
matplotlib/mpl-brochure-site,144,10,2,8,0.25,0.2
scverse/anndata,12544,10,2,8,0.25,0.2
tardis-sn/stardis,279,10,2,8,0.25,0.2
pymc-devs/nutpie,395,10,2,8,0.25,0.2
scverse/scverse-tutorials,1093,10,2,8,0.25,0.2
scverse/spatialdata-plot,1944,10,2,8,0.25,0.2
conda/infrastructure,3819,10,2,8,0.25,0.2
jupyter/enhancement-proposals,86,10,2,8,0.25,0.2
pangeo-data/pangeo-openeo-BiDS-2023,517,10,2,8,0.25,0.2
jupyter/jupyter.github.io,839,9,2,7,0.2857142857142857,0.2
matplotlib/mpl-third-party,312,9,2,7,0.2857142857142857,0.2
mlpack/mlpack,3817,9,2,7,0.2857142857142857,0.2
SciML/Sundials.jl,1345,9,2,7,0.2857142857142857,0.2
galaxyproject/usegalaxy-tools,1298,9,2,7,0.2857142857142857,0.2
scikit-learn/blog,631,9,2,7,0.2857142857142857,0.2
QuantEcon/lecture-python-advanced.myst,862,9,2,7,0.2857142857142857,0.2
napari/meeting-notes,147,9,2,7,0.2857142857142857,0.2
yt-project/yt,14997,9,2,7,0.2857142857142857,0.2
numpy/numpydoc,250,9,2,7,0.2857142857142857,0.2
SciML/SciMLBase.jl,13865,9,2,7,0.2857142857142857,0.2
SciML/DiffEqBase.jl,11827,9,2,7,0.2857142857142857,0.2
galaxyproject/usegalaxy-playbook,4532,9,2,7,0.2857142857142857,0.2
conda/infra,351,9,2,7,0.2857142857142857,0.2
holoviz/param,2704,9,2,7,0.2857142857142857,0.2
zarr-developers/numcodecs,1926,9,2,7,0.2857142857142857,0.2
scverse/governance,303,9,2,7,0.2857142857142857,0.2
FEniCS/web,1123,9,2,7,0.2857142857142857,0.2
galaxyproject/admin-training,1626,9,2,7,0.2857142857142857,0.2
scientific-python/learn.scientific-python.org,874,9,2,7,0.2857142857142857,0.2
ipython/traitlets,346,9,2,7,0.2857142857142857,0.2
SciML/ModelingToolkitStandardLibrary.jl,2489,9,2,7,0.2857142857142857,0.2
SciML/SciMLDocs,2741,9,2,7,0.2857142857142857,0.2
SciML/SciMLSensitivity.jl,14042,9,2,7,0.2857142857142857,0.2
JuliaLang/LinearAlgebra.jl,207,9,2,7,0.2857142857142857,0.2
galaxyproject/gxy.io,99,9,2,7,0.2857142857142857,0.2
pymc-devs/pymcon_web_series_website,330,9,2,7,0.2857142857142857,0.2
openfheorg/openfhe-python,1237,9,2,7,0.2857142857142857,0.2
QuantEcon/workshop.africa-july2023,292,9,2,7,0.2857142857142857,0.2
scientific-python/upload-nightly-action,221,9,2,7,0.2857142857142857,0.2
pybamm-team/pybamm.org,2643,9,2,7,0.2857142857142857,0.2
scverse/multi-condition-comparisions,598,9,2,7,0.2857142857142857,0.2
galaxyproject/brc-analytics,407,9,2,7,0.2857142857142857,0.2
ropensci/roweb3,8920,8,2,6,0.3333333333333333,0.2
QuantEcon/lecture-datascience.myst,452,8,2,6,0.3333333333333333,0.2
QuantEcon/lecture-julia.myst,665,8,2,6,0.3333333333333333,0.2
numpy/numpy.org,2721,8,2,6,0.3333333333333333,0.2
fortran-lang/fortran-lang.org,173,8,2,6,0.3333333333333333,0.2
econ-ark/HARK,7361,8,2,6,0.3333333333333333,0.2
napari/cookiecutter-napari-plugin,73,8,2,6,0.3333333333333333,0.2
InsightSoftwareConsortium/itk-wasm,4643,8,2,6,0.3333333333333333,0.2
stan-dev/cmdstan,16003,8,2,6,0.3333333333333333,0.2
SciML/StructuralIdentifiability.jl,13620,8,2,6,0.3333333333333333,0.2
scipy/scipy.org,141,8,2,6,0.3333333333333333,0.2
matplotlib/cheatsheets,91,8,2,6,0.3333333333333333,0.2
InsightSoftwareConsortium/GetYourBrainStraight,290,8,2,6,0.3333333333333333,0.2
SciML/DiffEqFlux.jl,5247,8,2,6,0.3333333333333333,0.2
galaxyproject/planemo,840,8,2,6,0.3333333333333333,0.2
QuantEcon/lecture-python-programming.myst,2369,8,2,6,0.3333333333333333,0.2
FEniCS/performance-test,198,8,2,6,0.3333333333333333,0.2
SciML/StochasticDiffEq.jl,491,8,2,6,0.3333333333333333,0.2
tardis-sn/tardis-refdata,79,8,2,6,0.3333333333333333,0.2
tardis-sn/tardis-sn.github.io,477,8,2,6,0.3333333333333333,0.2
tardis-sn/carsus,269,8,2,6,0.3333333333333333,0.2
jupyter/nbformat,403,8,2,6,0.3333333333333333,0.2
nteract/papermill,171,8,2,6,0.3333333333333333,0.2
conda/conda-package-handling,1503,8,2,6,0.3333333333333333,0.2
pymc-devs/pymc.io,152,8,2,6,0.3333333333333333,0.2
nipy/heudiconv,1309,8,2,6,0.3333333333333333,0.2
holoviz/datashader,3931,8,2,6,0.3333333333333333,0.2
dask/dask-gateway,2003,8,2,6,0.3333333333333333,0.2
holoviz/geoviews,1849,8,2,6,0.3333333333333333,0.2
SciML/NeuralOperators.jl,1387,8,2,6,0.3333333333333333,0.2
QuantEcon/book-networks,366,8,2,6,0.3333333333333333,0.2
holoviz/holoviz,778,8,2,6,0.3333333333333333,0.2
Open-MBEE/open-mbee.github.io,62,8,2,6,0.3333333333333333,0.2
jupyter/nbclassic,2552,8,2,6,0.3333333333333333,0.2
jupyter/jupyter_events,248,8,2,6,0.3333333333333333,0.2
SciML/Optimization.jl,8881,8,2,6,0.3333333333333333,0.2
fortran-lang/webpage,2942,8,2,6,0.3333333333333333,0.2
conda/conda-standalone,321,8,2,6,0.3333333333333333,0.2
napari/napari-plugin-manager,501,8,2,6,0.3333333333333333,0.2
scverse/anndataR,1820,8,2,6,0.3333333333333333,0.2
MDAnalysis/UGM2023,175,8,2,6,0.3333333333333333,0.2
conda/governance,332,8,2,6,0.3333333333333333,0.2
zarr-developers/VirtualiZarr,1302,8,2,6,0.3333333333333333,0.2
spyder-ide/spyder,8796,7,2,5,0.4,0.2
SciML/RecursiveArrayTools.jl,4284,7,2,5,0.4,0.2
ipython/ipython,1549,7,2,5,0.4,0.2
jupyter/jupyter,148,7,2,5,0.4,0.2
astropy/astropy-data,414,7,2,5,0.4,0.2
JuliaLang/llvm-project,24621,7,2,5,0.4,0.2
matplotlib/ipympl,231,7,2,5,0.4,0.2
galaxyproject/ansible-galaxy,249,7,2,5,0.4,0.2
astropy/astropy-tutorials,295,7,2,5,0.4,0.2
econ-ark/econ-ark.org,212,7,2,5,0.4,0.2
numpy/numpy-tutorials,204,7,2,5,0.4,0.2
matplotlib/pytest-mpl,338,7,2,5,0.4,0.2
SciML/DifferenceEquations.jl,895,7,2,5,0.4,0.2
SciML/SBMLToolkit.jl,808,7,2,5,0.4,0.2
scientific-python/scientific-python-hugo-theme,526,7,2,5,0.4,0.2
OSGeo/OSGeoLive-doc,19303,7,2,5,0.4,0.2
numpy/archive,352,7,2,5,0.4,0.2
geopandas/geopandas,856,7,2,5,0.4,0.2
SciML/ExponentialUtilities.jl,1483,7,2,5,0.4,0.2
galaxyproject/gx-it-proxy,31,7,2,5,0.4,0.2
SciML/DelayDiffEq.jl,2654,7,2,5,0.4,0.2
SciML/DataDrivenDiffEq.jl,2885,7,2,5,0.4,0.2
SciML/MethodOfLines.jl,3649,7,2,5,0.4,0.2
dask/dask-docker,503,7,2,5,0.4,0.2
SciML/CellMLToolkit.jl,912,7,2,5,0.4,0.2
SciML/DiffEqProblemLibrary.jl,697,7,2,5,0.4,0.2
napari/napari-sphinx-theme,217,7,2,5,0.4,0.2
scverse/muon,340,7,2,5,0.4,0.2
econ-ark/REMARK,137,7,2,5,0.4,0.2
JuliaLang/libuv,1236,7,2,5,0.4,0.2
jupyter/jupyter_core,201,7,2,5,0.4,0.2
jupyter/nbgrader,627,7,2,5,0.4,0.2
jupyter/nbdime,220,7,2,5,0.4,0.2
scverse/squidpy_notebooks,181,7,2,5,0.4,0.2
SciML/BoundaryValueDiffEq.jl,2165,7,2,5,0.4,0.2
SciML/SciMLOperators.jl,2091,7,2,5,0.4,0.2
JuliaLang/Example.jl,59,7,2,5,0.4,0.2
napari/npe2api,55418,7,2,5,0.4,0.2
scverse/spatialdata-notebooks,1353,7,2,5,0.4,0.2
conda/conda-package-streaming,353,7,2,5,0.4,0.2
conda/conda-libmamba-solver,2107,7,2,5,0.4,0.2
SciML/EasyModelAnalysis.jl,2762,7,2,5,0.4,0.2
conda/conda-lock,6433,7,2,5,0.4,0.2
SciML/ADTypes.jl,1252,7,2,5,0.4,0.2
JuliaLang/PrecompileTools.jl,91,7,2,5,0.4,0.2
scientific-python/cookie,4265,7,2,5,0.4,0.2
scientific-python/tools.scientific-python.org,88,7,2,5,0.4,0.2
sunpy/sunkit-spex,198,7,2,5,0.4,0.2
SciML/ModelingToolkitNeuralNets.jl,439,7,2,5,0.4,0.2
MDAnalysis/MDAnalysisMolSSIWorkshop-Intermediate2Day,133,7,2,5,0.4,0.2
conda/conda-dot-org,114,7,2,5,0.4,0.2
conda/issue-tracker,16453,6,2,4,0.5,0.2
gammapy/gammapy-benchmarks,1848,6,2,4,0.5,0.2
jump-dev/JuMP.jl,39416,6,2,4,0.5,0.2
pymc-devs/pymc-data-umbrella,342,6,2,4,0.5,0.2
yt-project/yt_astro_analysis,275,6,2,4,0.5,0.2
PyTables/PyTables,6904,6,2,4,0.5,0.2
scikit-learn/enhancement_proposals,57,6,2,4,0.5,0.2
astropy/learn-astropy,131,6,2,4,0.5,0.2
bokeh/pm,182,6,2,4,0.5,0.2
astropy/pyvo,1032,6,2,4,0.5,0.2
sunpy/ndcube,10226,6,2,4,0.5,0.2
FEniCS/docs,1831,6,2,4,0.5,0.2
stan-dev/cmdstanr,32383,6,2,4,0.5,0.2
SciML/DiffEqGPU.jl,1858,6,2,4,0.5,0.2
pangeo-data/xESMF,1547,6,2,4,0.5,0.2
astropy/reproject,850,6,2,4,0.5,0.2
astropy/SPISEA,688,6,2,4,0.5,0.2
SciML/PreallocationTools.jl,1043,6,2,4,0.5,0.2
dask/dask-tutorial,88,6,2,4,0.5,0.2
sympy/sympy.github.com,59,6,2,4,0.5,0.2
bokeh/tutorial,156,6,2,4,0.5,0.2
InsightSoftwareConsortium/ITKSphinxExamples,285,6,2,4,0.5,0.2
astropy/specreduce,301,6,2,4,0.5,0.2
galaxyproject/gravity,359,6,2,4,0.5,0.2
QuantEcon/website,386,6,2,4,0.5,0.2
SciML/Surrogates.jl,2899,6,2,4,0.5,0.2
MDAnalysis/solvation-analysis,483,6,2,4,0.5,0.2
SciML/GlobalSensitivity.jl,1702,6,2,4,0.5,0.2
gammapy/gammapy-v1.0-paper,726,6,2,4,0.5,0.2
astropy/astropy-workshop,175,6,2,4,0.5,0.2
galaxyproject/dockstore-galaxy-interface,58,6,2,4,0.5,0.2
holoviz/colorcet,118,6,2,4,0.5,0.2
galaxyproject/tools-devteam,53,6,2,4,0.5,0.2
conda/ceps,34,6,2,4,0.5,0.2
scientific-python/blog.scientific-python.org,235,6,2,4,0.5,0.2
SciML/ReactionNetworkImporters.jl,773,6,2,4,0.5,0.2
jump-dev/Gurobi.jl,852,6,2,4,0.5,0.2
dask/zict,46,6,2,4,0.5,0.2
astropy/astropy-tools,187,6,2,4,0.5,0.2
yt-project/website,53,6,2,4,0.5,0.2
holoviz/pyviz_comms,104,6,2,4,0.5,0.2
astropy/astropy-APEs,146,6,2,4,0.5,0.2
JuliaLang/Compat.jl,980,6,2,4,0.5,0.2
InsightSoftwareConsortium/itkwidgets,672,6,2,4,0.5,0.2
InsightSoftwareConsortium/insightsoftwareconsortium.org,153,6,2,4,0.5,0.2
InsightSoftwareConsortium/ITKElastix,530,6,2,4,0.5,0.2
JuliaLang/IJulia.jl,95,6,2,4,0.5,0.2
FEniCS/spack,67551,6,2,4,0.5,0.2
zarr-developers/zarr-specs,525,6,2,4,0.5,0.2
matplotlib/napari-matplotlib,1047,6,2,4,0.5,0.2
SciML/HighDimPDE.jl,1376,6,2,4,0.5,0.2
sunpy/sunpy-soar,208,6,2,4,0.5,0.2
SciML/SteadyStateDiffEq.jl,352,6,2,4,0.5,0.2
SciML/ModelOrderReduction.jl,547,6,2,4,0.5,0.2
holoviz/spatialpandas,162,6,2,4,0.5,0.2
SciML/RuntimeGeneratedFunctions.jl,604,6,2,4,0.5,0.2
SciML/JumpProcesses.jl,2812,6,2,4,0.5,0.2
pangeo-data/foss4g-2022,640,6,2,4,0.5,0.2
JuliaLang/BugReporting.jl,199,6,2,4,0.5,0.2
MDAnalysis/cookiecutter-mdakit,656,6,2,4,0.5,0.2
napari/packaging,707,6,2,4,0.5,0.2
SciML/SciMLExpectations.jl,950,6,2,4,0.5,0.2
conda/conda-plugin-template,267,6,2,4,0.5,0.2
FEniCS/governance,19,6,2,4,0.5,0.2
conda/.github,204,6,2,4,0.5,0.2
scverse/spatialdata-io,2123,6,2,4,0.5,0.2
conda/conda-index,1044,6,2,4,0.5,0.2
scverse/scanpy-tutorials,811,6,2,4,0.5,0.2
SciML/SimpleNonlinearSolve.jl,2394,6,2,4,0.5,0.2
MDAnalysis/hole2-mdakit,85,6,2,4,0.5,0.2
holoviz/holonote,1018,6,2,4,0.5,0.2
scientific-python/devstats,109,6,2,4,0.5,0.2
astropy/astropy-iers-data,169,6,2,4,0.5,0.2
MDAnalysis/MDAnalysisWorkshop2023,36,6,2,4,0.5,0.2
MDAnalysis/mdaencore,209,6,2,4,0.5,0.2
JuliaLang/StyledStrings.jl,1871,6,2,4,0.5,0.2
Open-MBEE/flexo-mms-layer1-service,360,6,2,4,0.5,0.2
QuantEcon/reading-group-2024,87,6,2,4,0.5,0.2
sunpy/streamtracer,1124,6,2,4,0.5,0.2
sunpy/sunkit-magex,3475,6,2,4,0.5,0.2
MDAnalysis/MDAnalysisWorkshop-Intro0.5Day,78,6,2,4,0.5,0.2
dask/dask-expr,1012,6,2,4,0.5,0.2
scverse/pytometry,75,6,2,4,0.5,0.2
scverse/pertpy,137,6,2,4,0.5,0.2
galaxyproject/galaxy_codex,532,6,2,4,0.5,0.2
conda/rattler,394,6,2,4,0.5,0.2
pybamm-team/pybamm-cookie,77,6,2,4,0.5,0.2
JuliaLang/docs.julialang.org,27081,5,1,4,0.25,0.2
ropensci/dev_guide,3889,5,1,4,0.25,0.2
econ-ark/DemARK,130,5,1,4,0.25,0.2
scikit-learn/scikit-learn.github.io,3394,5,1,4,0.25,0.2
stan-dev/rstan,6462,5,1,4,0.25,0.2
ropensci/NLMR,66,5,1,4,0.25,0.2
cupy/cupy,6796,5,1,4,0.25,0.2
InsightSoftwareConsortium/InsightJournal,252,5,1,4,0.25,0.2
Blosc/c-blosc2,4625,5,1,4,0.25,0.2
jupyter/docker-stacks,2704,5,1,4,0.25,0.2
scikit-learn/administrative,356,5,1,4,0.25,0.2
SciML/Static.jl,460,5,1,4,0.25,0.2
QuantEcon/python-lecture-sandpit.myst,147,5,1,4,0.25,0.2
mlpack/examples,248,5,1,4,0.25,0.2
jump-dev/MathOptInterface.jl,33005,5,1,4,0.25,0.2
stan-dev/posterior,726,5,1,4,0.25,0.2
pystatgen/sgkit,380,5,1,4,0.25,0.2
jupyter/nbclient,181,5,1,4,0.25,0.2
stan-dev/projpred,5688,5,1,4,0.25,0.2
dask/dask-ml,43,5,1,4,0.25,0.2
jump-dev/Dualization.jl,259,5,1,4,0.25,0.2
pydata/sparse,3011,5,1,4,0.25,0.2
zarr-developers/zarr-developers.github.io,220,5,1,4,0.25,0.2
astropy/asdf-astropy,783,5,1,4,0.25,0.2
SciML/QuasiMonteCarlo.jl,679,5,1,4,0.25,0.2
gammapy/gammapy-docs,872,5,1,4,0.25,0.2
pangeo-data/pangeo-cmip6-cloud,500,5,1,4,0.25,0.2
SciML/LabelledArrays.jl,611,5,1,4,0.25,0.2
ropensci/software-review,800,5,1,4,0.25,0.2
SciML/sciml.ai,2892,5,1,4,0.25,0.2
pangeo-data/scikit-downscale,83,5,1,4,0.25,0.2
jupyter/accessibility,405,5,1,4,0.25,0.2
SciML/SciMLTutorials.jl,1375,5,1,4,0.25,0.2
SciML/RootedTrees.jl,2035,5,1,4,0.25,0.2
astropy/specutils,396,5,1,4,0.25,0.2
MDAnalysis/membrane-curvature,120,5,1,4,0.25,0.2
dask/helm-chart,1782,5,1,4,0.25,0.2
geopandas/pyogrio,2026,5,1,4,0.25,0.2
InsightSoftwareConsortium/ITKSoftwareGuide,67,5,1,4,0.25,0.2
MDAnalysis/GridDataFormats,133,5,1,4,0.25,0.2
SciML/ParameterizedFunctions.jl,977,5,1,4,0.25,0.2
sunpy/sunpy-SEP,39,5,1,4,0.25,0.2
InsightSoftwareConsortium/ITKMGHImageIO,49,5,1,4,0.25,0.2
conda/schemas,319,5,1,4,0.25,0.2
gammapy/gammapy-data,89,5,1,4,0.25,0.2
ropensci/landscapetools,26,5,1,4,0.25,0.2
fortran-lang/fftpack,159,5,1,4,0.25,0.2
galaxyproject/galaxy-helm,2077,5,1,4,0.25,0.2
InsightSoftwareConsortium/ITKModuleTemplate,55,5,1,4,0.25,0.2
jupyter/nbviewer,158,5,1,4,0.25,0.2
mlpack/ensmallen,315,5,1,4,0.25,0.2
SciML/ReservoirComputing.jl,1755,5,1,4,0.25,0.2
gammapy/gammapy-webpage,190,5,1,4,0.25,0.2
fortran-lang/minpack,161,5,1,4,0.25,0.2
openfheorg/openfhe-temp,101,5,1,4,0.25,0.2
nipy/nibabel,1489,5,1,4,0.25,0.2
dask/dask-image,84,5,1,4,0.25,0.2
stan-dev/design-docs,145,5,1,4,0.25,0.2
matplotlib/mpl-sphinx-theme,149,5,1,4,0.25,0.2
dask/dask-blog,28,5,1,4,0.25,0.2
jump-dev/Xpress.jl,1447,5,1,4,0.25,0.2
astropy/extension-helpers,239,5,1,4,0.25,0.2
galaxyproject/total-perspective-vortex,641,5,1,4,0.25,0.2
arviz-devs/preliz,672,5,1,4,0.25,0.2
matplotlib/cycler,54,5,1,4,0.25,0.2
scverse/scirpy,4031,5,1,4,0.25,0.2
nipy/nipype,819,5,1,4,0.25,0.2
Blosc/blogsite,348,5,1,4,0.25,0.2
jump-dev/ParametricOptInterface.jl,669,5,1,4,0.25,0.2
SciML/SymbolicNumericIntegration.jl,731,5,1,4,0.25,0.2
ropensci/gendercoder,14,5,1,4,0.25,0.2
napari/napari-animation,122,5,1,4,0.25,0.2
scipy/unuran,13,5,1,4,0.25,0.2
InsightSoftwareConsortium/ITKDoxygen,990,5,1,4,0.25,0.2
galaxyproject/galaxy-test-data,17,5,1,4,0.25,0.2
SciML/PolyChaos.jl,160,5,1,4,0.25,0.2
galaxyproject/wheelforge,114,5,1,4,0.25,0.2
Open-MBEE/mms5-layer1-service,910,5,1,4,0.25,0.2
SciML/DiffEqNoiseProcess.jl,1124,5,1,4,0.25,0.2
scipy/docs.scipy.org,26,5,1,4,0.25,0.2
yt-project/unyt,2948,5,1,4,0.25,0.2
SciML/DiffEqBayes.jl,2947,5,1,4,0.25,0.2
MDAnalysis/WorkshopMDMLEdinburgh2022,111,5,1,4,0.25,0.2
SciML/Integrals.jl,636,5,1,4,0.25,0.2
InsightSoftwareConsortium/LesionSizingToolkit,18,5,1,4,0.25,0.2
SciML/DeepEquilibriumNetworks.jl,1940,5,1,4,0.25,0.2
SciML/PoissonRandom.jl,412,5,1,4,0.25,0.2
MDAnalysis/panedr,149,5,1,4,0.25,0.2
JuliaLang/BumpStdlibs.jl,239,5,1,4,0.25,0.2
SciML/DiffEqFinancial.jl,344,5,1,4,0.25,0.2
Blosc/python-blosc2,4279,5,1,4,0.25,0.2
Cantera/symposium-2022-materials,63,5,1,4,0.25,0.2
scikit-image/meeting-notes,29,5,1,4,0.25,0.2
JuliaLang/MbedTLS.jl,55,5,1,4,0.25,0.2
pangeo-data/pangeo-eosc,146,5,1,4,0.25,0.2
scipy/scipy-cookbook,19,5,1,4,0.25,0.2
JuliaLang/VersionsJSONUtil.jl,67,5,1,4,0.25,0.2
MDAnalysis/MDAKits,1052,5,1,4,0.25,0.2
galaxyproject/tpv-shared-database,416,5,1,4,0.25,0.2
lfortran/lcompilers_frontend,338,5,1,4,0.25,0.2
napari/napari-console,20,5,1,4,0.25,0.2
pymc-devs/pymc-bart,615,5,1,4,0.25,0.2
bokeh/ipywidgets_bokeh,205,5,1,4,0.25,0.2
QuantEcon/book-dp1,203,5,1,4,0.25,0.2
Open-MBEE/TMT-SysML-Model,41,5,1,4,0.25,0.2
ipython/comm,36,5,1,4,0.25,0.2
napari/napari-workshop-template,39,5,1,4,0.25,0.2
conda/communications,52,5,1,4,0.25,0.2
conda/grayskull,209,5,1,4,0.25,0.2
ropensci/openalexR,1786,5,1,4,0.25,0.2
jupyter/software-steering-council-team-compass,25,5,1,4,0.25,0.2
MDAnalysis/scipy_proceedings,80,5,1,4,0.25,0.2
scientific-python/changelist,77,5,1,4,0.25,0.2
scientific-python/sync-teams-action,26,5,1,4,0.25,0.2
pybamm-team/pybamm-cookiecutter,144,5,1,4,0.25,0.2
scverse/rapids_singlecell,6439,5,1,4,0.25,0.2
SciML/PubChem.jl,2675,5,1,4,0.25,0.2
SciML/DataInterpolations.jl,1901,5,1,4,0.25,0.2
econ-ark/OverARK,132,5,1,4,0.25,0.2
MDAnalysis/waterdynamics,145,5,1,4,0.25,0.2
galaxyproject/galaxy_tool_metadata_extractor,849,5,1,4,0.25,0.2
SciML/FindFirstFunctions.jl,219,5,1,4,0.25,0.2
SciML/OptimizationBase.jl,1193,5,1,4,0.25,0.2
SciML/UDEComponents.jl,72,5,1,4,0.25,0.2
SciML/LineSearch.jl,117,5,1,4,0.25,0.2
pangeo-data/pangeo-igarss2024,209,5,1,4,0.25,0.2
QuantEcon/lecture-intro.zh-cn,781,5,1,4,0.25,0.2
MDAnalysis/imd-workshop-2024,17,5,1,4,0.25,0.2
ropensci/roregistry,1386,4,1,3,0.3333333333333333,0.2
pybamm-team/pybamm-bench,1301,4,1,3,0.3333333333333333,0.2
numpy/doc,30,4,1,3,0.3333333333333333,0.2
napari/magicgui,163,4,1,3,0.3333333333333333,0.2
galaxyproject/gxabm,1043,4,1,3,0.3333333333333333,0.2
stan-dev/performance-tests-cmdstan,439,4,1,3,0.3333333333333333,0.2
nteract/nteract.io,323,4,1,3,0.3333333333333333,0.2
econ-ark/BufferStockTheory,66,4,1,3,0.3333333333333333,0.2
SciML/DiffEqSensitivity.jl,1516,4,1,3,0.3333333333333333,0.2
ipython/ipyparallel,512,4,1,3,0.3333333333333333,0.2
ropensci/DataPackageR,13447,4,1,3,0.3333333333333333,0.2
dask/dask-labextension,94,4,1,3,0.3333333333333333,0.2
pangeo-data/climpred,636,4,1,3,0.3333333333333333,0.2
jupyter/cookiecutter-docker-stacks,324,4,1,3,0.3333333333333333,0.2
dask/dask-examples,26,4,1,3,0.3333333333333333,0.2
jupyter/security,152,4,1,3,0.3333333333333333,0.2
astropy/astropy-v5.0-paper,293,4,1,3,0.3333333333333333,0.2
sunpy/sunkit-instruments,155,4,1,3,0.3333333333333333,0.2
stan-dev/cmdstanpy,1477,4,1,3,0.3333333333333333,0.2
scipy/PROPACK,10,4,1,3,0.3333333333333333,0.2
ropensci/fingertipsR,96,4,1,3,0.3333333333333333,0.2
SciML/DiffEqCallbacks.jl,1769,4,1,3,0.3333333333333333,0.2
jump-dev/DiffOpt.jl,465,4,1,3,0.3333333333333333,0.2
sunpy/sunpy.org,434,4,1,3,0.3333333333333333,0.2
conda/clabot-config,43,4,1,3,0.3333333333333333,0.2
Cantera/cantera,8218,4,1,3,0.3333333333333333,0.2
InsightSoftwareConsortium/ITKMeshToPolyData,92,4,1,3,0.3333333333333333,0.2
jump-dev/Convex.jl,46815,4,1,3,0.3333333333333333,0.2
astropy/regions,541,4,1,3,0.3333333333333333,0.2
jupyter/qtconsole,2210,4,1,3,0.3333333333333333,0.2
pymc-devs/resources,30,4,1,3,0.3333333333333333,0.2
sunpy/sunkit-image,477,4,1,3,0.3333333333333333,0.2
sunpy/sunkit-pyvista,546,4,1,3,0.3333333333333333,0.2
sunpy/sunraster,89,4,1,3,0.3333333333333333,0.2
sunpy/sunpy-sphinx-theme,612,4,1,3,0.3333333333333333,0.2
InsightSoftwareConsortium/ITKTotalVariation,13,4,1,3,0.3333333333333333,0.2
SciML/ColPrac,52,4,1,3,0.3333333333333333,0.2
QuantEcon/QuantEcon.py,637,4,1,3,0.3333333333333333,0.2
spyder-ide/qtpy,428,4,1,3,0.3333333333333333,0.2
astropy/sphinx-automodapi,93,4,1,3,0.3333333333333333,0.2
InsightSoftwareConsortium/ITKMontage,38,4,1,3,0.3333333333333333,0.2
cupy/cupy-release-tools,381,4,1,3,0.3333333333333333,0.2
astropy/learn-astropy-librarian,87,4,1,3,0.3333333333333333,0.2
Open-MBEE/ve4,191,4,1,3,0.3333333333333333,0.2
pangeo-data/jupyter-earth,294,4,1,3,0.3333333333333333,0.2
Blosc/python-caterva,36,4,1,3,0.3333333333333333,0.2
Blosc/caterva,137,4,1,3,0.3333333333333333,0.2
networkx/archive,211,4,1,3,0.3333333333333333,0.2
MDAnalysis/mdacli,130,4,1,3,0.3333333333333333,0.2
galaxyproject/starforge-recipes,21,4,1,3,0.3333333333333333,0.2
arviz-devs/arviz_governance,13,4,1,3,0.3333333333333333,0.2
pangeo-data/governance,30,4,1,3,0.3333333333333333,0.2
jupyter/notebook-team-compass,25,4,1,3,0.3333333333333333,0.2
spyder-ide/spyder-docs,215,4,1,3,0.3333333333333333,0.2
InsightSoftwareConsortium/ITKTubeTK,136,4,1,3,0.3333333333333333,0.2
scientific-python/yaml2ics,127,4,1,3,0.3333333333333333,0.2
SciML/DiffEqDevTools.jl,791,4,1,3,0.3333333333333333,0.2
stan-dev/loo,3134,4,1,3,0.3333333333333333,0.2
conda/conda-benchmarks,280,4,1,3,0.3333333333333333,0.2
conda/conda-prefix-replacement,235,4,1,3,0.3333333333333333,0.2
conda/cookiecutter-conda-python,295,4,1,3,0.3333333333333333,0.2
conda/pycosat,608,4,1,3,0.3333333333333333,0.2
conda/conda-verify,981,4,1,3,0.3333333333333333,0.2
stan-dev/example-models,67,4,1,3,0.3333333333333333,0.2
MDAnalysis/distopia,721,4,1,3,0.3333333333333333,0.2
sunpy/mpl-animators,576,4,1,3,0.3333333333333333,0.2
Open-MBEE/mdk,367,4,1,3,0.3333333333333333,0.2
jupyter/terminado,133,4,1,3,0.3333333333333333,0.2
MDAnalysis/pytng,469,4,1,3,0.3333333333333333,0.2
ropensci/stplanr,6963,4,1,3,0.3333333333333333,0.2
ropensci/photosearcher,14,4,1,3,0.3333333333333333,0.2
matplotlib/governance,55,4,1,3,0.3333333333333333,0.2
Cantera/cantera-website,820,4,1,3,0.3333333333333333,0.2
jump-dev/jump-dev.github.io,321,4,1,3,0.3333333333333333,0.2
galaxyproject/bioblend,298,4,1,3,0.3333333333333333,0.2
scverse/mudata,320,4,1,3,0.3333333333333333,0.2
galaxyproject/galaxykubeman-helm,170,4,1,3,0.3333333333333333,0.2
QuantEcon/quantecon-book-theme,244,4,1,3,0.3333333333333333,0.2
yt-project/blog,31,4,1,3,0.3333333333333333,0.2
arviz-devs/PSIS.jl,1238,4,1,3,0.3333333333333333,0.2
SciML/OperatorLearning.jl,228,4,1,3,0.3333333333333333,0.2
pybamm-team/pybamm-supporting-material,6,4,1,3,0.3333333333333333,0.2
matplotlib/mpl-gui,102,4,1,3,0.3333333333333333,0.2
InsightSoftwareConsortium/ITKColorNormalization,18,4,1,3,0.3333333333333333,0.2
mlpack/ensmallen.org,23,4,1,3,0.3333333333333333,0.2
QuantEcon/qe_lunch_workshops,213,4,1,3,0.3333333333333333,0.2
tardis-sn/gsoc,18,4,1,3,0.3333333333333333,0.2
matplotlib/matplotlib.github.com,101,4,1,3,0.3333333333333333,0.2
scientific-python/lazy_loader,102,4,1,3,0.3333333333333333,0.2
stan-dev/bayesplot,461,4,1,3,0.3333333333333333,0.2
scverse/scvi-tools-site,24,4,1,3,0.3333333333333333,0.2
galaxyproject/gxadmin,300,4,1,3,0.3333333333333333,0.2
stan-dev/r-packages,48,4,1,3,0.3333333333333333,0.2
InsightSoftwareConsortium/ITKAnisotropicDiffusionLBR,9,4,1,3,0.3333333333333333,0.2
JuliaLang/Microbenchmarks,22,4,1,3,0.3333333333333333,0.2
stan-dev/rstanarm,512,4,1,3,0.3333333333333333,0.2
openfheorg/openfhe-hexl,196,4,1,3,0.3333333333333333,0.2
galaxyproject/planemo-monitor,36,4,1,3,0.3333333333333333,0.2
tardis-sn/tardis-setups,11,4,1,3,0.3333333333333333,0.2
galaxyproject/gxformat2,105,4,1,3,0.3333333333333333,0.2
SciML/QuantumNLDiffEq.jl,123,4,1,3,0.3333333333333333,0.2
ropensci/rdefra,11,4,1,3,0.3333333333333333,0.2
WorldWideTelescope/wwt-website,182,4,1,3,0.3333333333333333,0.2
SciML/MinimallyDisruptiveCurves.jl,159,4,1,3,0.3333333333333333,0.2
Open-MBEE/mms5-auth-service,111,4,1,3,0.3333333333333333,0.2
jupyter/jupyter-sphinx,147,4,1,3,0.3333333333333333,0.2
pymc-devs/brand,52,4,1,3,0.3333333333333333,0.2
sunpy/sunxspex,88,4,1,3,0.3333333333333333,0.2
dask/dask-mpi,547,4,1,3,0.3333333333333333,0.2
yt-project/widgyts,326,4,1,3,0.3333333333333333,0.2
sympy/live,34,4,1,3,0.3333333333333333,0.2
pandas-dev/pandas-stubs,578,4,1,3,0.3333333333333333,0.2
ropensci/rdhs,748,4,1,3,0.3333333333333333,0.2
ipython/matplotlib-inline,34,4,1,3,0.3333333333333333,0.2
SciML/SciMLStyle,95,4,1,3,0.3333333333333333,0.2
SciML/IRKGaussLegendre.jl,99,4,1,3,0.3333333333333333,0.2
SciML/NBodySimulator.jl,262,4,1,3,0.3333333333333333,0.2
OSGeo/OSGeoLive,431,4,1,3,0.3333333333333333,0.2
InsightSoftwareConsortium/ITKIsotropicWavelets,20,4,1,3,0.3333333333333333,0.2
InsightSoftwareConsortium/ITKSimpleITKFilters,12,4,1,3,0.3333333333333333,0.2
InsightSoftwareConsortium/ITKTextureFeatures,16,4,1,3,0.3333333333333333,0.2
SciML/DiffEqParamEstim.jl,1204,4,1,3,0.3333333333333333,0.2
SciML/CommonSolve.jl,281,4,1,3,0.3333333333333333,0.2
SciML/MultiScaleArrays.jl,422,4,1,3,0.3333333333333333,0.2
SciML/MathML.jl,193,4,1,3,0.3333333333333333,0.2
galaxyproject/cloudlaunch,33,4,1,3,0.3333333333333333,0.2
SciML/MuladdMacro.jl,209,4,1,3,0.3333333333333333,0.2
SciML/SimpleDiffEq.jl,320,4,1,3,0.3333333333333333,0.2
QuantEcon/QuantEcon.jl,49,4,1,3,0.3333333333333333,0.2
SciML/SBMLToolkitTestSuite.jl,119,4,1,3,0.3333333333333333,0.2
galaxyproject/pulsar,133,4,1,3,0.3333333333333333,0.2
InsightSoftwareConsortium/ITKMinimalPathExtraction,24,4,1,3,0.3333333333333333,0.2
fortran-lang/playground,73,4,1,3,0.3333333333333333,0.2
openfheorg/openfhe-integer-examples,10,4,1,3,0.3333333333333333,0.2
spyder-ide/website-spyder,63,4,1,3,0.3333333333333333,0.2
InsightSoftwareConsortium/ITKRemoteModuleBuildTestPackageAction,376,4,1,3,0.3333333333333333,0.2
arviz-devs/ArviZExampleData.jl,938,4,1,3,0.3333333333333333,0.2
SciML/FEniCS.jl,69,4,1,3,0.3333333333333333,0.2
SciML/deSolveDiffEq.jl,81,4,1,3,0.3333333333333333,0.2
jupyter/notebook_shim,28,4,1,3,0.3333333333333333,0.2
arviz-devs/arviz_dashboard,41,4,1,3,0.3333333333333333,0.2
MDAnalysis/branding,38,4,1,3,0.3333333333333333,0.2
ropensci/gutenbergr,37,4,1,3,0.3333333333333333,0.2
scikit-image/skimage-web,28,4,1,3,0.3333333333333333,0.2
sympy/sympy_benchmarks,88,4,1,3,0.3333333333333333,0.2
Open-MBEE/mms5-deployment,178,4,1,3,0.3333333333333333,0.2
Open-MBEE/ve-confluence,218,4,1,3,0.3333333333333333,0.2
pangeo-data/escience-2022,36,4,1,3,0.3333333333333333,0.2
matplotlib/data-prototype,105,4,1,3,0.3333333333333333,0.2
sunpy/data,23,4,1,3,0.3333333333333333,0.2
ropensci/CoordinateCleaner,54,4,1,3,0.3333333333333333,0.2
fortran-lang/fortls,13265,4,1,3,0.3333333333333333,0.2
dask/crick,16,4,1,3,0.3333333333333333,0.2
pymc-devs/sunode,205,4,1,3,0.3333333333333333,0.2
galaxyproject/ephemeris,99,4,1,3,0.3333333333333333,0.2
galaxyproject/idc,377,4,1,3,0.3333333333333333,0.2
SciML/SymbolicIndexingInterface.jl,1799,4,1,3,0.3333333333333333,0.2
QuantEcon/qe_libraries_article,79,4,1,3,0.3333333333333333,0.2
JuliaLang/julia-logo-graphics,70,4,1,3,0.3333333333333333,0.2
econ-ark/PARK,41,4,1,3,0.3333333333333333,0.2
yt-project/ewah_bool_utils,225,4,1,3,0.3333333333333333,0.2
gammapy/gammapy-handson,16,4,1,3,0.3333333333333333,0.2
scverse/simple-scvi,221,4,1,3,0.3333333333333333,0.2
pangeo-data/zarr-proxy,175,4,1,3,0.3333333333333333,0.2
scverse/anndata-tutorials,15,4,1,3,0.3333333333333333,0.2
nipy/heudiconv-joss-paper,271,4,1,3,0.3333333333333333,0.2
SciML/FunctionWrappersWrappers.jl,64,4,1,3,0.3333333333333333,0.2
scientific-python/spin,242,4,1,3,0.3333333333333333,0.2
tardis-sn/tardis-benchmarks,379,4,1,3,0.3333333333333333,0.2
scverse/genomic-features,183,4,1,3,0.3333333333333333,0.2
scverse/scverseio,222,4,1,3,0.3333333333333333,0.2
MDAnalysis/transport-analysis,268,4,1,3,0.3333333333333333,0.2
stan-dev/stancon2023,16,4,1,3,0.3333333333333333,0.2
MDAnalysis/mdanalysis-sphinx-theme,197,4,1,3,0.3333333333333333,0.2
networkx/nx-parallel,148,4,1,3,0.3333333333333333,0.2
MDAnalysis/PathSimAnalysis,123,4,1,3,0.3333333333333333,0.2
zarr-developers/zarr-java,96,4,1,3,0.3333333333333333,0.2
Open-MBEE/exec-mms,568,4,1,3,0.3333333333333333,0.2
Blosc/blosc2_grok,224,4,1,3,0.3333333333333333,0.2
SciML/PSOGPU.jl,477,4,1,3,0.3333333333333333,0.2
Blosc/Caterva2,3273,4,1,3,0.3333333333333333,0.2
astropy/astropy-finance,12,4,1,3,0.3333333333333333,0.2
SciML/ModelingToolkitCourse,330,4,1,3,0.3333333333333333,0.2
astropy/astropy-benchmarks,20,4,1,3,0.3333333333333333,0.2
QuantEcon/lecture-stats,231,4,1,3,0.3333333333333333,0.2
JuliaLang/Public.jl,40,4,1,3,0.3333333333333333,0.2
QuantEcon/lecture-dynamics,35,4,1,3,0.3333333333333333,0.2
SciML/SciMLStructures.jl,279,4,1,3,0.3333333333333333,0.2
MDAnalysis/mdahole2,17,4,1,3,0.3333333333333333,0.2
sunpy/package-template,2416,4,1,3,0.3333333333333333,0.2
SciML/SimpleBoundaryValueDiffEq.jl,71,4,1,3,0.3333333333333333,0.2
SciML/MaybeInplace.jl,82,4,1,3,0.3333333333333333,0.2
SciML/NonlinearSolveBase.jl,46,4,1,3,0.3333333333333333,0.2
SciML/FastAlmostBandedMatrices.jl,63,4,1,3,0.3333333333333333,0.2
sgkit-dev/sgkit,991,4,1,3,0.3333333333333333,0.2
matplotlib/2024-NASA-ROSES-F7,125,4,1,3,0.3333333333333333,0.2
galaxyproject/SegAlign,47,4,1,3,0.3333333333333333,0.2
spyder-ide/spyder-website,69,4,1,3,0.3333333333333333,0.2
galaxyproject/KegAlign,26,4,1,3,0.3333333333333333,0.2
pangeo-data/pangeo.io,69,4,1,3,0.3333333333333333,0.2
scverse/conference-2024,11,4,1,3,0.3333333333333333,0.2
ropensci/rix,1292,4,1,3,0.3333333333333333,0.2
OSGeo/grass-tutorials,16,4,1,3,0.3333333333333333,0.2
SciML/ProcessSimulator.jl,43,4,1,3,0.3333333333333333,0.2
SciML/ComponentArrays.jl,25,4,1,3,0.3333333333333333,0.2
ropensci/skimr,281,3,1,2,0.5,0.2
geopandas/xyzservices,157,3,1,2,0.5,0.2
InsightSoftwareConsortium/ITKPythonPackage,986,3,1,2,0.5,0.2
gnu-octave/gnu-octave.github.io,117,3,1,2,0.5,0.2
SciML/DiffEqDocs.jl,3110,3,1,2,0.5,0.2
astropy/astropy-sphinx-theme,12,3,1,2,0.5,0.2
ropensci/codemetar,41,3,1,2,0.5,0.2
galaxyproject/GTN-community-paper-2020,50,3,1,2,0.5,0.2
ropensci/cffr,368,3,1,2,0.5,0.2
SciML/SciMLBenchmarksOutput,812,3,1,2,0.5,0.2
yt-project/cmyt,607,3,1,2,0.5,0.2
nteract/semiotic,296,3,1,2,0.5,0.2
astropy/astroquery,2234,3,1,2,0.5,0.2
pangeo-data/xbatcher,68,3,1,2,0.5,0.2
jump-dev/SCS.jl,687,3,1,2,0.5,0.2
sunpy/sunpy-benchmarks,423,3,1,2,0.5,0.2
arviz-devs/GSoD,20,3,1,2,0.5,0.2
scikit-image/docs,722,3,1,2,0.5,0.2
jump-dev/HiGHS.jl,418,3,1,2,0.5,0.2
astropy/astropy-healpix,105,3,1,2,0.5,0.2
SciML/StochasticDelayDiffEq.jl,253,3,1,2,0.5,0.2
galaxyproject/infrastructure-playbook,458,3,1,2,0.5,0.2
Open-MBEE/mms,462,3,1,2,0.5,0.2
jupyter/papyri,814,3,1,2,0.5,0.2
astropy/pytest-arraydiff,55,3,1,2,0.5,0.2
WorldWideTelescope/wwt-webgl-engine,3897,3,1,2,0.5,0.2
InsightSoftwareConsortium/ITKGrowCut,17,3,1,2,0.5,0.2
geopandas/dask-geopandas,126,3,1,2,0.5,0.2
JuliaLang/SparseArrays.jl,42,3,1,2,0.5,0.2
SciML/DiffEqJump.jl,118,3,1,2,0.5,0.2
astropy/sphinx-astropy,50,3,1,2,0.5,0.2
sunpy/sunkit-dem,46,3,1,2,0.5,0.2
sunpy/drms,232,3,1,2,0.5,0.2
sunpy/pyflct,238,3,1,2,0.5,0.2
sunpy/radiospectra,106,3,1,2,0.5,0.2
ropensci/redland-bindings,70,3,1,2,0.5,0.2
JuliaLang/SuiteSparse.jl,23,3,1,2,0.5,0.2
SciML/DifferentialEquations.jl,1521,3,1,2,0.5,0.2
galaxyproject/ansible-postgresql,96,3,1,2,0.5,0.2
dask/dask-kubernetes,872,3,1,2,0.5,0.2
astropy/ccdproc,152,3,1,2,0.5,0.2
SciML/DiffEqOperators.jl,173,3,1,2,0.5,0.2
mlpack/mlpack.org,82,3,1,2,0.5,0.2
jupyter/jupyter_kernel_test,158,3,1,2,0.5,0.2
geopandas/contextily,37,3,1,2,0.5,0.2
jump-dev/KNITRO.jl,224,3,1,2,0.5,0.2
sunpy/.github,70,3,1,2,0.5,0.2
SciML/SciMLNLSolve.jl,81,3,1,2,0.5,0.2
SciML/GeometricIntegratorsDiffEq.jl,142,3,1,2,0.5,0.2
InsightSoftwareConsortium/DCMTK,10624,3,1,2,0.5,0.2
arviz-devs/ArviZ.jl,3593,3,1,2,0.5,0.2
networkx/nx-guides,77,3,1,2,0.5,0.2
InsightSoftwareConsortium/SimpleITK-Notebooks,166,3,1,2,0.5,0.2
zarr-developers/zarr_implementations,10,3,1,2,0.5,0.2
Open-MBEE/ve,1222,3,1,2,0.5,0.2
SciML/MATLABDiffEq.jl,154,3,1,2,0.5,0.2
scientific-python/devstats.scientific-python.org,37,3,1,2,0.5,0.2
spyder-ide/pywinpty,115,3,1,2,0.5,0.2
tardis-sn/nuclear,4,3,1,2,0.5,0.2
InsightSoftwareConsortium/itk-viewer-material-ui,50,3,1,2,0.5,0.2
SciML/SciMLBook,274,3,1,2,0.5,0.2
dask/.github,5,3,1,2,0.5,0.2
stan-dev/ci-scripts,488,3,1,2,0.5,0.2
zarr-developers/blog,144,3,1,2,0.5,0.2
SciML/FastDEQ.jl,135,3,1,2,0.5,0.2
astropy/astropy-mentoring,52,3,1,2,0.5,0.2
networkx/website,31,3,1,2,0.5,0.2
JuliaLang/Tokenize.jl,294,3,1,2,0.5,0.2
scientific-python/devstats-data,9,3,1,2,0.5,0.2
Cantera/conda-recipes,247,3,1,2,0.5,0.2
scverse/Muon.jl,56,3,1,2,0.5,0.2
SciML/SciMLTutorialsOutput,64,3,1,2,0.5,0.2
astropy/pytest-doctestplus,59,3,1,2,0.5,0.2
mlpack/mlpack-bot,145,3,1,2,0.5,0.2
nteract/ansi-to-react,11,3,1,2,0.5,0.2
nteract/outputs,22,3,1,2,0.5,0.2
ropensci/dittodb,137,3,1,2,0.5,0.2
gammapy/gammapy-unbinned-analysis,76,3,1,2,0.5,0.2
JuliaLang/NetworkOptions.jl,28,3,1,2,0.5,0.2
FEniCS/gsoc,323,3,1,2,0.5,0.2
galaxyproject/usage-metering,56,3,1,2,0.5,0.2
ropensci/nbaR,19,3,1,2,0.5,0.2
dask/dask-jobqueue,58,3,1,2,0.5,0.2
scientific-python/lazy-loader,21,3,1,2,0.5,0.2
spyder-ide/qtawesome,97,3,1,2,0.5,0.2
numpy/numpy-newsletter,37,3,1,2,0.5,0.2
InsightSoftwareConsortium/ITKBoneMorphometry,7,3,1,2,0.5,0.2
stan-dev/rstantools,658,3,1,2,0.5,0.2
astropy/pytest-astropy,34,3,1,2,0.5,0.2
jupyter/try-jupyter,96,3,1,2,0.5,0.2
bokeh/jupyter_bokeh,356,3,1,2,0.5,0.2
Open-MBEE/mms5-layer1,128,3,1,2,0.5,0.2
SciML/DEDataArrays.jl,158,3,1,2,0.5,0.2
galaxyproject/galaxy-docker-k8s,202,3,1,2,0.5,0.2
galaxyproject/ansible-tiaas2,92,3,1,2,0.5,0.2
fortran-lang/setup-fpm,71,3,1,2,0.5,0.2
ropensci/statistical-software-review-book,258,3,1,2,0.5,0.2
ropensci/qualR,41,3,1,2,0.5,0.2
pymc-devs/pymc-resources,48,3,1,2,0.5,0.2
fortran-lang/homebrew-fortran,45,3,1,2,0.5,0.2
QuantEcon/ASE_ENSEA_workshop,30,3,1,2,0.5,0.2
QuantEcon/indian_summer_workshop,21,3,1,2,0.5,0.2
ropensci/visdat,87,3,1,2,0.5,0.2
econ-ark/BayerLuetticke,8,3,1,2,0.5,0.2
bokeh/bokeh.org,10,3,1,2,0.5,0.2
ropensci/stantargets,78,3,1,2,0.5,0.2
galaxyproject/planemo-ci-action,42,3,1,2,0.5,0.2
arviz-devs/arviz-project,43,3,1,2,0.5,0.2
yt-project/yt_idv,815,3,1,2,0.5,0.2
InsightSoftwareConsortium/ITKSplitComponents,283,3,1,2,0.5,0.2
ropensci/comtradr,688,3,1,2,0.5,0.2
nipy/nitransforms,407,3,1,2,0.5,0.2
Cantera/workshop-websites,23,3,1,2,0.5,0.2
Open-MBEE/mms5-store-service,61,3,1,2,0.5,0.2
napari/napari-graph,51,3,1,2,0.5,0.2
QuantEcon/quantecon-book-networks,89,3,1,2,0.5,0.2
OSGeo/gdal-grass,100,3,1,2,0.5,0.2
jump-dev/MiniZinc.jl,260,3,1,2,0.5,0.2
ropensci/opencage,104,3,1,2,0.5,0.2
ropensci/restez,138,3,1,2,0.5,0.2
InsightSoftwareConsortium/ITKHigherOrderAccurateGradient,24,3,1,2,0.5,0.2
dask/dask-stories,3,3,1,2,0.5,0.2
InsightSoftwareConsortium/itk-viewer-bootstrap-ui,673,3,1,2,0.5,0.2
spyder-ide/spyder-line-profiler,99,3,1,2,0.5,0.2
Open-MBEE/mtip-sparx,14,3,1,2,0.5,0.2
jupyter/kernels-team-compass,24,3,1,2,0.5,0.2
ropensci/skynet,32,3,1,2,0.5,0.2
InsightSoftwareConsortium/ITKBioCell,8,3,1,2,0.5,0.2
InsightSoftwareConsortium/ITKBoneEnhancement,7,3,1,2,0.5,0.2
InsightSoftwareConsortium/ITKFixedPointInverseDisplacementField,4,3,1,2,0.5,0.2
InsightSoftwareConsortium/ITKIOMeshSTL,14,3,1,2,0.5,0.2
InsightSoftwareConsortium/ITKLabelErodeDilate,6,3,1,2,0.5,0.2
scipy/archive,25,3,1,2,0.5,0.2
InsightSoftwareConsortium/ITKCuberille,7,3,1,2,0.5,0.2
InsightSoftwareConsortium/ITKIOFDF,7,3,1,2,0.5,0.2
InsightSoftwareConsortium/ITKParabolicMorphology,28,3,1,2,0.5,0.2
InsightSoftwareConsortium/ITKThickness3D,11,3,1,2,0.5,0.2
SciML/DASKR.jl,389,3,1,2,0.5,0.2
JuliaLang/TOML.jl,22,3,1,2,0.5,0.2
ropensci/hddtools,45,3,1,2,0.5,0.2
jump-dev/Pajarito.jl,29,3,1,2,0.5,0.2
SciML/DASSL.jl,426,3,1,2,0.5,0.2
SciML/BridgeDiffEq.jl,115,3,1,2,0.5,0.2
SciML/ODEInterfaceDiffEq.jl,311,3,1,2,0.5,0.2
SciML/SciPyDiffEq.jl,89,3,1,2,0.5,0.2
scverse/cookiecutter-scverse-instance,1179,3,1,2,0.5,0.2
cupy/backport,8,3,1,2,0.5,0.2
galaxyproject/cloudlaunch-registry,16,3,1,2,0.5,0.2
InsightSoftwareConsortium/ITKGitHubCDashStatus,75,3,1,2,0.5,0.2
gnu-octave/packages-sandbox,716,3,1,2,0.5,0.2
matplotlib/viscm,53,3,1,2,0.5,0.2
ropensci/datefixR,927,3,1,2,0.5,0.2
QuantEcon/QuantEcon.notebooks,39,3,1,2,0.5,0.2
gammapy/gammapy-presentations,25,3,1,2,0.5,0.2
scikit-image/skimage-tutorials,19,3,1,2,0.5,0.2
QuantEcon/Expectations.jl,30,3,1,2,0.5,0.2
arviz-devs/InferenceObjects.jl,1183,3,1,2,0.5,0.2
pydata/patsy,70,3,1,2,0.5,0.2
OSGeo/osgeo,27,3,1,2,0.5,0.2
SciML/ODE.jl,336,3,1,2,0.5,0.2
InsightSoftwareConsortium/ITKCLEsperanto,135,3,1,2,0.5,0.2
spyder-ide/spyder-vim,33,3,1,2,0.5,0.2
SciML/DiffEqPhysics.jl,271,3,1,2,0.5,0.2
SciML/DimensionalPlotRecipes.jl,100,3,1,2,0.5,0.2
SciML/GlobalDiffEq.jl,51,3,1,2,0.5,0.2
SciML/ResettableStacks.jl,97,3,1,2,0.5,0.2
ropensci/stats19,138,3,1,2,0.5,0.2
ropensci/worrms,15,3,1,2,0.5,0.2
ropensci/sofa,25,3,1,2,0.5,0.2
ropensci/aorsf,6096,3,1,2,0.5,0.2
ropensci/nlrx,76,3,1,2,0.5,0.2
OSGeo/mdme,50,3,1,2,0.5,0.2
pymc-devs/pymcon_2022_website,121,3,1,2,0.5,0.2
pangeo-data/clivar-2022,95,3,1,2,0.5,0.2
Open-MBEE/OpenSE-Cookbook,21,3,1,2,0.5,0.2
pymc-devs/pymcx,40,3,1,2,0.5,0.2
SciML/EllipsisNotation.jl,321,3,1,2,0.5,0.2
InsightSoftwareConsortium/itk-viewer,1040,3,1,2,0.5,0.2
pymc-devs/nuts-rs,100,3,1,2,0.5,0.2
arviz-devs/ArviZJuliaDocs,842,3,1,2,0.5,0.2
ropensci/wikitaxa,12,3,1,2,0.5,0.2
Open-MBEE/Comodo,17,3,1,2,0.5,0.2
numpy/numpy-user-dtypes,505,3,1,2,0.5,0.2
sunpy/sunpy-frontiers-paper,77,3,1,2,0.5,0.2
openfheorg/openfhe-boolean-circuit-evaluator,14,3,1,2,0.5,0.2
ropensci/rgnparser,46,3,1,2,0.5,0.2
SciML/SciMLWorkshop.jl,133,3,1,2,0.5,0.2
econ-ark/Pandemic,8,3,1,2,0.5,0.2
sunpy/presentations,70,3,1,2,0.5,0.2
yt-project/yt_pytest_mpl_baseline,14,3,1,2,0.5,0.2
PyTables/pytables.github.com,10,3,1,2,0.5,0.2
InsightSoftwareConsortium/ITKIOOMEZarrNGFF,124,3,1,2,0.5,0.2
pymc-devs/paper_v5,11,3,1,2,0.5,0.2
nipy/nipy,295,3,1,2,0.5,0.2
ropensci/phruta,12,3,1,2,0.5,0.2
pybamm-team/.github,8,3,1,2,0.5,0.2
Open-MBEE/openapi-graph-extractor,32,3,1,2,0.5,0.2
ropensci/rnaturalearth,143,3,1,2,0.5,0.2
zarr-developers/geozarr-spec,127,3,1,2,0.5,0.2
pystatgen/sgkit-publication,684,3,1,2,0.5,0.2
econ-ark/DistributionOfWealthMPC,115,3,1,2,0.5,0.2
Blosc/BTune,19,3,1,2,0.5,0.2
SciML/TruncatedStacktraces.jl,59,3,1,2,0.5,0.2
jupyter/executive-council-team-compass,13,3,1,2,0.5,0.2
InsightSoftwareConsortium/itk-dreg,90,3,1,2,0.5,0.2
SciML/PDEBase.jl,114,3,1,2,0.5,0.2
nipy/nitime,133,3,1,2,0.5,0.2
pybamm-team/git-practice,80,3,1,2,0.5,0.2
scikit-image/skimage-archive,176,3,1,2,0.5,0.2
conda/nsis-mirror,273,3,1,2,0.5,0.2
fortran-lang/registry,783,3,1,2,0.5,0.2
napari/napari-svg,32,3,1,2,0.5,0.2
QuantEcon/dp_text_website,14,3,1,2,0.5,0.2
arviz-devs/arviz-base,92,3,1,2,0.5,0.2
Blosc/blosc2_btune,261,3,1,2,0.5,0.2
fortran-lang/http-client,47,3,1,2,0.5,0.2
bokeh/dataviz-fundamentals,88,3,1,2,0.5,0.2
scientific-python/repo-review,4677,3,1,2,0.5,0.2
galaxyproject/galaxy-release-util,197,3,1,2,0.5,0.2
tardis-sn/stardis-benchmarks,30,3,1,2,0.5,0.2
openfheorg/openfhe-lattice-estimator,57,3,1,2,0.5,0.2
tardis-sn/carsus-data-cmfgen,13,3,1,2,0.5,0.2
SciML/NeuralLyapunov.jl,933,3,1,2,0.5,0.2
Open-MBEE/SysML-v2-Applications-and-Examples,9,3,1,2,0.5,0.2
arviz-devs/arviz-stats,158,3,1,2,0.5,0.2
scientific-python/action-check-changelogfile,27,3,1,2,0.5,0.2
arviz-devs/ArviZPythonPlots.jl,1040,3,1,2,0.5,0.2
Blosc/blosc2_plugin_example,126,3,1,2,0.5,0.2
pangeo-data/bids2023_codesprint,5,3,1,2,0.5,0.2
arviz-devs/PosteriorStats.jl,238,3,1,2,0.5,0.2
QuantEcon/dse_2023,66,3,1,2,0.5,0.2
Open-MBEE/flexo-graphql,81,3,1,2,0.5,0.2
QuantEcon/project.lecture-mojo,66,3,1,2,0.5,0.2
jupyter/docs-team-compass,35,3,1,2,0.5,0.2
napari/napari-plugin-template,20,3,1,2,0.5,0.2
MDAnalysis/MDAnalysisData,58,3,1,2,0.5,0.2
scverse/shadows,73,3,1,2,0.5,0.2
Open-MBEE/.github,23,3,1,2,0.5,0.2
spyder-ide/lektor-icon,32,3,1,2,0.5,0.2
Open-MBEE/flexo-mms-store-service,83,3,1,2,0.5,0.2
Open-MBEE/flexo-mms-auth-service,89,3,1,2,0.5,0.2
FEniCS/ufl-legacy,12,3,1,2,0.5,0.2
JuliaLang/AllocCheck.jl,132,3,1,2,0.5,0.2
yt-project/yt_experiments,101,3,1,2,0.5,0.2
tardis-sn/tardis-regression-data,53,3,1,2,0.5,0.2
ropensci/GLMMcosinor,221,3,1,2,0.5,0.2
QuantEcon/lecture-dps,43,3,1,2,0.5,0.2
QuantEcon/lecture-eqm,44,3,1,2,0.5,0.2
QuantEcon/lecture-tools-techniques,69,3,1,2,0.5,0.2
jump-dev/Hypatia.jl,21,3,1,2,0.5,0.2
QuantEcon/book-networks-public,25,3,1,2,0.5,0.2
SciML/FiniteVolumeMethod.jl,445,3,1,2,0.5,0.2
SciML/FiniteVolumeMethod1D.jl,46,3,1,2,0.5,0.2
SciML/SimpleOptimization.jl,59,3,1,2,0.5,0.2
scverse/benchmark,306,3,1,2,0.5,0.2
spyder-ide/langchain-provider,53,3,1,2,0.5,0.2
econ-ark/econ-ark-intro,10,3,1,2,0.5,0.2
SciML/SurrogatesBase.jl,194,3,1,2,0.5,0.2
SciML/BaseModelica.jl,214,3,1,2,0.5,0.2
scverse/plotting_api,81,3,1,2,0.5,0.2
SciML/SymbolicLimits.jl,122,3,1,2,0.5,0.2
Blosc/leaps-examples,103,3,1,2,0.5,0.2
InsightSoftwareConsortium/ITKFastBilateral,12,3,1,2,0.5,0.2
sgkit-dev/bio2zarr,591,3,1,2,0.5,0.2
ropensci/fellingdater,203,3,1,2,0.5,0.2
SciML/FiniteStateProjection.jl,216,3,1,2,0.5,0.2
MDAnalysis/MDAnalysisWorkshop-Intro1Day,136,3,1,2,0.5,0.2
pangeo-data/geo-open-hack-2024,90,3,1,2,0.5,0.2
JuliaLang/devguide.julialang.org,7,3,1,2,0.5,0.2
scientific-python/MeeseeksDev,7,3,1,2,0.5,0.2
ropensci/mregions2,35,3,1,2,0.5,0.2
pybamm-team/pybamm-eis,32,3,1,2,0.5,0.2
SciML/CatalystNetworkAnalysis.jl,97,3,1,2,0.5,0.2
InsightSoftwareConsortium/ITKAnalyzeObjectMap,29,3,1,2,0.5,0.2
astropy/repo_stats,178,3,1,2,0.5,0.2
scikit-image/euroscipy24-tutorial,60,3,1,2,0.5,0.2
pangeo-data/egi2024-demo,21,3,1,2,0.5,0.2
spyder-ide/spyder-api-docs,92,3,1,2,0.5,0.2
lfortran/lfortran-lsp,136,3,1,2,0.5,0.2
QuantEcon/ra-training-repo,16,3,1,2,0.5,0.2
astropy/quantity-2.0,21,3,1,2,0.5,0.2
napari/weather-report,69,3,1,2,0.5,0.2
zarr-developers/pydantic-zarr,7,3,1,2,0.5,0.2
pymc-devs/pymc-extras,9,3,1,2,0.5,0.2
